0.0,-0.02,0.02,-1.4
0.002,-0.06,-0.02,-1.48
0.004,-0.02,-0.06,-1.4
0.006,-0.06,0.04,-1.48
0.008,-0.06,-0.02,-1.44
0.01,-0.02,0.04,-1.36
0.012,-0.02,-0.02,-1.32
0.014,-0.06,0.04,-1.48
0.016,-0.06,0.04,-1.4
0.018000000000000002,0.0,-0.02,-1.48
0.02,-0.02,-0.02,-1.4
0.022,-0.06,0.04,-1.48
0.024,-0.06,-0.02,-1.48
0.026000000000000002,0.0,0.02,-1.4
0.028,-0.02,0.04,-1.4
0.03,-0.06,-0.04,-1.48
0.032,-0.02,0.02,-1.4
0.034,-0.06,-0.04,-1.48
0.036000000000000004,-0.02,-0.04,-1.4
0.038,-0.06,0.04,-1.48
0.04,-0.02,-0.04,-1.48
0.042,-0.06,0.04,-1.4
0.044,-0.06,-0.02,-1.48
0.046,0.02,0.02,-1.4
0.048,-0.06,0.04,-1.4
0.05,0.0,-0.02,-1.48
0.052000000000000005,-0.02,-0.02,-1.4
0.054,-0.06,0.02,-1.48
0.056,-0.02,-0.02,-1.48
0.058,-0.06,0.04,-1.4
0.06,-0.02,-0.02,-1.4
0.062,-0.06,0.04,-1.48
0.064,-0.02,-0.02,-1.4
0.066,-0.08,0.02,-1.48
0.068,-0.06,-0.02,-1.44
0.07,0.0,0.04,-1.4
0.07200000000000001,-0.06,0.04,-1.4
0.074,0.02,-0.06,-1.48
0.076,-0.02,-0.02,-1.4
0.078,-0.06,0.04,-1.48
0.08,-0.06,0.02,-1.4
0.082,0.0,-0.02,-1.48
0.084,-0.06,0.02,-1.4
0.08600000000000001,0.0,-0.06,-1.48
0.088,-0.06,0.04,-1.44
0.09,0.0,-0.02,-1.36
0.092,-0.02,-0.02,-1.44
0.094,-0.06,0.04,-1.32
0.096,-0.06,0.02,-1.4
0.098,0.0,-0.06,-1.48
0.1,-0.02,-0.02,-1.48
0.10200000000000001,-0.06,0.04,-1.4
0.10400000000000001,-0.02,0.02,-1.4
0.106,-0.06,-0.02,-1.48
0.108,-0.06,-0.02,-1.4
0.11,0.0,0.04,-1.48
0.112,-0.06,-0.02,-1.4
0.114,0.0,0.04,-1.48
0.116,-0.08,0.02,-1.4
0.11800000000000001,0.02,-0.02,-1.48
0.12,-0.06,-0.02,-1.48
0.122,0.02,0.04,-1.4
0.124,-0.06,0.02,-1.48
0.126,0.02,-0.04,-1.4
0.128,-0.06,-0.02,-1.4
0.13,0.02,0.04,-1.48
0.132,-0.06,0.04,-1.4
0.134,0.0,-0.06,-1.48
0.136,-0.06,-0.02,-1.4
0.138,0.0,0.02,-1.48
0.14,-0.02,0.04,-1.48
0.14200000000000002,-0.06,-0.04,-1.4
0.14400000000000002,-0.02,-0.02,-1.48
0.146,-0.08,0.04,-1.4
0.148,-0.06,0.04,-1.4
0.15,-0.02,-0.06,-1.48
0.152,-0.02,-0.02,-1.4
0.154,-0.06,0.02,-1.48
0.156,-0.06,0.02,-1.4
0.158,-0.02,-0.04,-1.48
0.16,-0.02,0.02,-1.48
0.162,-0.06,-0.04,-1.4
0.164,-0.02,-0.02,-1.48
0.166,-0.1,0.04,-1.4
0.168,-0.02,0.02,-1.44
0.17,-0.06,-0.04,-1.36
0.17200000000000001,-0.02,-0.02,-1.4
0.17400000000000002,-0.06,0.02,-1.48
0.176,-0.02,-0.02,-1.4
0.178,-0.06,0.04,-1.48
0.18,-0.02,0.02,-1.4
0.182,-0.06,-0.04,-1.48
0.184,-0.06,0.02,-1.4
0.186,-0.02,-0.06,-1.48
0.188,-0.06,-0.02,-1.44
0.19,-0.02,0.04,-1.32
0.192,-0.02,-0.02,-1.44
0.194,-0.06,0.02,-1.32
0.196,-0.06,-0.02,-1.44
0.198,-0.02,2.02,3.4
0.2,-0.06,1.98,3.36
0.202,0.02,2.04,3.48
0.20400000000000001,-0.06,1.96,3.36
0.20600000000000002,-0.02,2.04,3.48
0.20800000000000002,-0.02,1.96,3.48
0.21,-0.06,2.02,3.6
0.212,-0.06,1.96,3.48
0.214,-0.02,2.04,3.6
0.216,-0.02,1.96,3.52
0.218,-0.06,2.04,3.44
0.22,-0.02,1.96,3.48
0.222,-0.06,2.04,3.36
0.224,-0.02,1.96,3.36
0.226,-0.08,2.04,3.48
0.228,-0.02,1.96,3.48
0.23,-0.06,2.06,3.32
0.232,-0.02,2.04,3.36
0.234,-0.06,1.96,3.28
0.23600000000000002,-0.08,2.04,3.36
0.23800000000000002,-0.02,1.96,3.12
0.24,-0.02,2.02,3.16
0.242,-0.08,1.96,3.08
0.244,-0.06,1.96,3.16
0.246,-0.02,2.04,3.08
0.248,-0.06,1.96,3.12
0.25,-0.02,2.04,3.28
0.252,-0.02,1.94,3.36
0.254,-0.08,2.04,3.2
0.256,-0.02,2.02,3.28
0.258,-0.08,1.94,2.88
0.26,-0.02,2.04,2.88
0.262,-0.08,1.96,3.0
0.264,-0.08,2.04,2.88
0.266,-0.02,1.96,3.0
0.268,-0.08,2.04,3.04
0.27,-0.02,1.96,2.8
0.272,-0.08,2.04,2.88
0.274,-0.02,1.96,2.76
0.276,-0.02,1.96,2.76
0.278,-0.08,2.02,2.92
0.28,-0.02,2.02,2.92
0.28200000000000003,-0.08,1.96,2.84
0.28400000000000003,-0.08,2.02,2.92
0.28600000000000003,-0.02,1.96,2.72
0.28800000000000003,-0.02,1.96,2.72
0.29,-0.08,2.02,2.6
0.292,-0.02,1.96,2.68
0.294,-0.08,2.04,2.6
0.296,-0.08,2.04,2.56
0.298,-0.02,1.96,2.72
0.3,-0.08,1.96,2.72
0.302,-0.02,2.04,2.64
0.304,-0.08,2.02,2.72
0.306,-0.02,1.96,2.6
0.308,-0.1,2.02,2.56
0.31,-0.02,1.94,2.48
0.312,-0.08,1.96,2.56
0.314,-0.02,2.04,2.44
0.316,-0.08,2.04,2.56
0.318,-0.02,1.96,2.36
0.32,-0.06,2.02,2.44
0.322,-0.02,1.96,2.36
0.324,-0.02,2.04,2.4
0.326,-0.08,1.96,2.48
0.328,-0.06,1.96,2.48
0.33,-0.02,2.04,2.32
0.332,-0.02,2.04,2.36
0.334,-0.08,1.96,2.28
0.336,-0.02,1.96,2.36
0.338,-0.08,2.04,2.24
0.34,-0.06,1.96,2.32
0.342,-0.02,2.04,2.2
0.34400000000000003,-0.02,2.04,2.32
0.34600000000000003,-0.1,1.96,2.2
0.34800000000000003,-0.06,2.02,2.32
0.35000000000000003,-0.02,1.96,2.16
0.352,-0.02,1.96,2.2
0.354,-0.08,2.04,2.12
0.356,-0.06,2.04,2.16
0.358,-0.02,1.96,2.24
0.36,-0.06,1.96,2.24
0.362,-0.02,2.04,2.16
0.364,-0.02,1.96,2.24
0.366,-0.08,2.04,2.2
0.368,-0.06,1.96,2.24
0.37,0.0,2.04,2.04
0.372,-0.02,2.02,2.04
0.374,-0.06,1.96,2.12
0.376,-0.06,1.96,1.96
0.378,0.0,2.04,2.12
0.38,0.02,2.04,2.04
0.382,-0.06,1.96,2.12
0.384,0.02,2.04,2.04
0.386,-0.06,1.96,2.12
0.388,0.02,1.96,2.12
0.39,-0.04,2.04,1.92
0.392,0.02,2.02,1.96
0.394,-0.04,1.94,1.84
0.396,0.04,1.96,1.84
0.398,-0.02,2.02,1.96
0.4,0.0,2.02,1.96
0.402,0.04,1.96,1.84
0.404,0.04,1.96,2.0
0.406,-0.02,2.04,1.8
0.40800000000000003,0.0,1.96,1.84
0.41000000000000003,0.06,2.04,1.72
0.41200000000000003,0.08,2.04,1.72
0.41400000000000003,0.02,1.96,1.84
0.41600000000000004,0.02,2.04,1.8
0.418,0.1,1.94,1.64
0.42,0.1,2.04,1.68
0.422,0.04,1.96,1.72
0.424,0.1,1.96,1.72
0.426,0.06,2.04,1.56
0.428,0.12,1.96,1.6
0.43,0.06,2.04,1.48
0.432,0.14,2.02,1.48
0.434,0.06,1.96,1.56
0.436,0.08,2.04,1.52
0.438,0.16,1.96,1.36
0.44,0.12,1.96,1.4
0.442,0.16,2.04,1.32
0.444,0.18,2.04,1.36
0.446,0.12,1.96,1.44
0.448,0.14,2.04,1.36
0.45,0.2,1.96,1.52
0.452,0.22,2.04,1.48
0.454,0.14,1.96,1.6
0.456,0.18,1.96,1.44
0.458,0.24,2.04,1.56
0.46,0.2,1.96,1.56
0.462,0.26,2.04,1.64
0.464,0.2,2.02,1.64
0.466,0.28,1.96,1.56
0.468,0.22,1.96,1.6
0.47000000000000003,0.3,2.04,1.76
0.47200000000000003,0.26,1.96,1.76
0.47400000000000003,0.3,2.04,1.68
0.47600000000000003,0.26,2.04,1.76
0.47800000000000004,0.34,1.96,1.6
0.48,0.28,1.96,1.6
0.482,0.36,2.04,1.72
0.484,0.36,2.04,1.6
0.486,0.3,1.96,1.88
0.488,0.34,1.94,1.84
0.49,0.38,2.02,1.96
0.492,0.34,1.96,1.84
0.494,0.42,2.02,1.96
0.496,0.38,2.02,1.84
0.498,0.44,1.96,2.04
0.5,0.4,2.02,1.96
0.502,0.44,1.96,2.08
0.504,0.38,2.02,2.08
0.506,0.48,1.96,1.84
0.508,0.42,2.02,1.88
0.51,0.5,1.96,1.8
0.512,0.46,1.96,1.88
0.514,0.5,2.04,1.8
0.516,0.48,2.04,1.88
0.518,0.54,1.96,1.8
0.52,0.48,2.04,1.8
0.522,0.56,1.96,2.08
0.524,0.52,2.04,2.08
0.526,0.58,1.96,1.92
0.528,0.54,2.02,1.96
0.53,0.6,1.96,1.84
0.532,0.58,1.96,1.88
0.534,0.62,2.04,1.8
0.536,0.58,2.04,1.88
0.538,0.64,1.96,1.8
0.54,0.6,1.96,1.8
0.542,0.64,2.02,2.0
0.544,0.6,1.96,1.92
0.546,0.68,2.04,2.0
0.548,0.62,2.04,1.92
0.55,0.7,1.96,2.04
0.552,0.7,1.94,2.08
0.554,0.66,2.04,1.96
0.556,0.68,1.96,1.96
0.558,0.74,2.04,2.08
0.56,0.68,1.96,2.0
0.562,0.76,2.04,1.96
0.5640000000000001,0.76,1.96,2.0
0.5660000000000001,0.72,2.02,1.92
0.5680000000000001,0.72,2.04,1.92
0.5700000000000001,0.8,1.96,2.0
0.5720000000000001,0.74,1.96,1.96
0.5740000000000001,0.82,2.04,1.88
0.5760000000000001,0.78,1.96,1.84
0.578,0.84,2.04,2.08
0.58,0.8,1.96,2.08
0.582,0.84,2.02,1.96
0.584,0.88,1.96,2.08
0.586,0.8,2.04,1.88
0.588,0.84,1.96,1.88
0.59,0.9,2.04,1.8
0.592,0.84,2.04,1.84
0.594,0.9,1.96,1.76
0.596,0.86,1.96,1.72
0.598,0.94,2.04,1.96
0.6,0.94,1.96,1.96
0.602,0.88,2.04,1.84
0.604,0.9,1.96,1.96
0.606,0.96,2.04,1.8
0.608,0.92,1.96,1.72
0.61,1.0,2.04,1.84
0.612,0.92,1.96,1.76
0.614,1.0,2.02,1.72
0.616,0.94,1.96,1.76
0.618,1.02,2.02,1.68
0.62,0.98,1.96,1.68
0.622,1.02,2.04,1.84
0.624,0.98,1.96,1.84
0.626,1.06,2.04,1.68
0.628,1.0,1.96,1.68
0.63,1.08,2.04,1.76
0.632,1.04,1.96,1.68
0.634,1.08,2.04,1.72
0.636,1.04,1.96,1.72
0.638,1.1,2.02,1.6
0.64,1.06,1.96,1.6
0.642,1.14,2.04,1.76
0.644,1.06,2.04,1.76
0.646,1.14,1.96,1.6
0.648,1.1,1.96,1.6
0.65,1.16,2.04,1.72
0.652,1.1,2.04,1.72
0.654,1.16,1.96,1.6
0.656,1.12,2.02,1.64
0.658,1.2,1.96,1.56
0.66,1.12,2.04,1.56
0.662,1.2,1.96,1.64
0.664,1.14,1.96,1.64
0.666,1.22,2.04,1.56
0.668,1.18,1.96,1.64
0.67,1.22,2.04,1.56
0.672,1.26,1.96,1.64
0.674,1.18,2.04,1.56
0.676,1.2,2.02,1.64
0.678,1.28,1.96,1.48
0.68,1.22,1.96,1.52
0.682,1.28,2.04,1.44
0.684,1.28,1.96,1.52
0.686,1.2,2.04,1.44
0.6880000000000001,1.26,2.02,1.44
0.6900000000000001,1.32,1.96,1.52
0.6920000000000001,1.26,1.96,1.52
0.6940000000000001,1.32,2.04,1.44
0.6960000000000001,1.3,1.96,1.52
0.6980000000000001,1.34,2.04,1.36
0.7000000000000001,1.3,1.96,1.36
0.7020000000000001,1.36,2.04,1.48
0.704,1.36,2.02,1.48
0.706,1.3,1.96,1.36
0.708,1.32,2.04,1.4
0.71,1.4,1.96,1.32
0.712,1.4,1.96,1.32
0.714,1.32,2.04,1.4
0.716,1.36,2.02,1.4
0.718,1.42,1.96,1.28
0.72,1.38,1.96,1.36
0.722,1.42,2.04,1.24
0.724,1.38,1.96,1.4
0.726,1.44,2.02,1.24
0.728,1.4,2.04,1.28
0.73,1.46,1.96,1.2
0.732,1.4,2.04,1.28
0.734,1.48,1.94,1.2
0.736,1.44,1.96,1.28
0.738,1.48,2.04,1.2
0.74,1.44,2.02,1.28
0.742,1.5,1.96,1.2
0.744,1.46,1.96,1.24
0.746,1.52,2.02,1.36
0.748,1.54,2.02,1.24
0.75,1.46,1.96,1.32
0.752,1.54,2.04,1.28
0.754,1.5,1.96,1.2
0.756,1.56,2.04,1.28
0.758,1.5,1.96,1.2
0.76,1.52,1.96,1.2
0.762,1.6,2.04,1.28
0.764,1.6,1.96,1.2
0.766,1.52,2.04,1.28
0.768,1.56,1.96,1.2
0.77,1.62,2.04,1.28
0.772,1.62,1.96,1.2
0.774,1.56,2.04,1.28
0.776,1.58,1.96,1.24
0.778,1.66,2.04,1.08
0.78,1.66,1.96,1.16
0.782,1.6,2.04,1.0
0.784,1.6,2.02,1.08
0.786,1.68,1.94,1.16
0.788,1.68,1.96,1.08
0.79,1.64,2.02,1.2
0.792,1.64,1.96,1.16
0.794,1.72,2.02,1.08
0.796,1.66,1.96,1.16
0.798,1.72,2.04,1.08
0.8,1.72,1.96,1.0
0.802,1.66,2.04,1.12
0.804,1.74,2.02,1.16
0.806,1.68,1.96,1.0
0.808,1.7,1.96,1.0
0.81,1.74,2.04,1.08
0.812,1.7,1.96,1.0
0.8140000000000001,1.76,2.04,1.04
0.8160000000000001,1.72,2.02,0.96
0.8180000000000001,1.78,1.96,1.08
0.8200000000000001,1.72,1.96,1.0
0.8220000000000001,1.78,2.04,1.08
0.8240000000000001,1.74,1.96,1.0
0.8260000000000001,1.8,2.02,1.08
0.8280000000000001,1.8,1.96,1.0
0.8300000000000001,1.76,2.04,1.08
0.8320000000000001,1.76,2.04,1.08
0.834,1.8,1.94,1.0
0.836,1.82,1.96,1.08
0.838,1.76,2.04,0.96
0.84,1.82,1.96,1.0
0.842,1.78,2.04,1.04
0.844,1.78,1.96,1.0
0.846,1.86,2.04,1.08
0.848,1.78,1.96,1.0
0.85,1.86,2.04,1.08
0.852,1.86,2.04,1.0
0.854,1.8,1.96,1.08
0.856,1.82,2.04,1.04
0.858,1.86,1.96,0.92
0.86,1.8,1.96,1.04
0.862,1.88,2.04,0.92
0.864,1.82,1.96,1.04
0.866,1.88,2.04,0.96
0.868,1.88,2.04,1.0
0.87,1.84,1.94,1.08
0.872,1.84,2.02,1.08
0.874,1.92,1.96,0.96
0.876,1.86,1.96,1.04
0.878,1.92,2.02,0.92
0.88,1.86,2.04,1.04
0.882,1.92,1.96,0.88
0.884,1.86,1.96,0.96
0.886,1.94,2.02,0.88
0.888,1.86,2.04,0.92
0.89,1.94,1.96,1.04
0.892,1.9,2.02,1.04
0.894,1.94,1.96,0.92
0.896,1.94,1.96,1.0
0.898,1.9,2.04,0.88
0.9,1.9,1.96,0.96
0.902,1.98,2.04,0.88
0.904,1.98,1.98,0.88
0.906,1.9,2.04,0.96
0.908,1.92,1.96,0.96
0.91,2.0,2.04,0.88
0.912,2.0,2.04,0.96
0.914,1.92,1.94,0.88
0.916,1.96,2.02,0.96
0.918,2.02,1.96,0.8
0.92,1.96,1.96,0.8
0.922,2.02,2.04,0.92
0.924,1.96,2.04,0.84
0.926,2.02,1.96,0.92
0.928,1.98,2.04,0.92
0.93,2.02,1.94,0.8
0.932,2.02,1.96,0.92
0.934,1.98,2.04,0.8
0.936,1.98,2.04,0.92
0.9380000000000001,2.06,1.96,0.76
0.9400000000000001,2.06,2.04,0.76
0.9420000000000001,2.0,1.96,0.84
0.9440000000000001,2.06,1.96,0.84
0.9460000000000001,2.0,2.04,0.76
0.9480000000000001,2.06,2.04,0.84
0.9500000000000001,2.02,1.96,0.76
0.9520000000000001,2.06,1.96,0.84
0.9540000000000001,2.02,2.04,0.76
0.9560000000000001,2.08,1.94,0.76
0.9580000000000001,2.02,2.04,0.84
0.96,2.04,1.96,0.8
0.962,2.08,2.04,0.76
0.964,2.04,2.02,0.76
0.966,2.08,1.96,0.84
0.968,2.08,1.96,0.76
0.97,2.04,2.02,0.84
0.972,2.08,1.96,0.76
0.974,2.04,2.04,0.84
0.976,2.04,1.96,0.84
0.978,2.12,2.04,0.72
0.98,2.1,2.04,0.8
0.982,2.06,1.96,0.68
0.984,2.04,1.96,0.72
0.986,2.12,2.04,0.8
0.988,2.12,1.96,0.76
0.99,2.06,2.04,0.84
0.992,2.12,1.96,0.84
0.994,2.06,2.04,0.72
0.996,2.12,1.96,0.8
0.998,2.06,2.04,0.68
1.0,2.06,1.96,0.8
1.002,2.12,2.04,0.68
1.004,2.08,1.96,0.8
1.006,2.14,2.04,0.68
1.008,2.08,2.04,0.8
1.01,2.14,1.96,0.68
1.012,2.14,1.96,0.8
1.014,2.06,2.04,0.68
1.016,2.14,1.96,0.8
1.018,2.1,2.02,0.64
1.02,2.14,1.96,0.72
1.022,2.1,2.04,0.64
1.024,2.14,1.96,0.68
1.026,2.1,2.02,0.76
1.028,2.1,1.96,0.68
1.03,2.18,2.04,0.8
1.032,2.14,2.04,0.68
1.034,2.1,1.96,0.8
1.036,2.1,1.96,0.72
1.038,2.18,2.04,0.64
1.04,2.18,1.96,0.64
1.042,2.1,2.04,0.72
1.044,2.1,1.96,0.64
1.046,2.18,2.04,0.72
1.048,2.12,1.96,0.72
1.05,2.18,2.04,0.64
1.052,2.12,2.02,0.72
1.054,2.18,1.94,0.64
1.056,2.12,2.02,0.64
1.058,2.18,1.96,0.72
1.06,2.18,2.04,0.68
1.062,2.12,1.96,0.6
1.064,2.12,2.02,0.64
1.066,2.18,1.96,0.72
1.068,2.2,1.96,0.64
1.07,2.12,2.04,0.72
1.072,2.2,1.96,0.64
1.074,2.12,2.04,0.72
1.076,2.16,2.02,0.68
1.078,2.2,1.94,0.56
1.08,2.16,1.96,0.68
1.082,2.2,2.04,0.56
1.084,2.2,2.02,0.68
1.086,2.12,1.96,0.6
1.088,2.2,1.96,0.6
1.09,2.12,2.04,0.68
1.092,2.2,1.96,0.68
1.094,2.16,2.04,0.56
1.096,2.2,1.96,0.68
1.098,2.14,2.04,0.56
1.1,2.16,2.02,0.56
1.102,2.22,1.94,0.68
1.104,2.16,2.04,0.56
1.106,2.2,1.96,0.68
1.108,2.2,1.96,0.68
1.11,2.16,2.04,0.56
1.112,2.16,1.96,0.68
1.114,2.22,2.04,0.56
1.116,2.24,2.02,0.56
1.118,2.16,1.96,0.68
1.12,2.18,1.96,0.56
1.122,2.24,2.02,0.64
1.124,2.24,2.02,0.56
1.1260000000000001,2.16,1.96,0.68
1.1280000000000001,2.16,1.96,0.56
1.1300000000000001,2.24,2.04,0.64
1.1320000000000001,2.16,1.96,0.64
1.1340000000000001,2.24,2.04,0.52
1.1360000000000001,2.18,1.96,0.52
1.1380000000000001,2.24,2.04,0.6
1.1400000000000001,2.18,2.04,0.52
1.1420000000000001,2.24,1.96,0.6
1.1440000000000001,2.18,1.96,0.52
1.1460000000000001,2.24,2.02,0.6
1.1480000000000001,2.18,1.96,0.6
1.1500000000000001,2.24,2.04,0.52
1.1520000000000001,2.24,1.96,0.6
1.154,2.16,2.04,0.52
1.156,2.24,1.96,0.6
1.158,2.18,2.04,0.52
1.16,2.18,2.04,0.52
1.162,2.24,1.96,0.6
1.164,2.18,2.04,0.56
1.166,2.24,1.96,0.6
1.168,2.18,1.96,0.6
1.17,2.24,2.04,0.52
1.172,2.18,1.96,0.6
1.174,2.24,2.04,0.52
1.176,2.18,1.96,0.52
1.178,2.22,2.04,0.6
1.18,2.18,2.04,0.6
1.182,2.24,1.96,0.52
1.184,2.16,1.96,0.56
1.186,2.22,2.04,0.64
1.188,2.22,1.94,0.6
1.19,2.16,2.04,0.56
1.192,2.22,2.04,0.6
1.194,2.16,1.96,0.52
1.196,2.16,1.96,0.6
1.198,2.24,2.02,0.52
1.2,2.16,2.04,0.52
1.202,2.22,1.96,0.6
1.204,2.16,2.04,0.6
1.206,2.2,1.96,0.56
1.208,2.2,2.04,0.56
1.21,2.16,1.96,0.68
1.212,2.16,2.04,0.56
1.214,2.2,1.96,0.64
1.216,2.2,2.02,0.6
1.218,2.16,1.96,0.56
1.22,2.2,1.96,0.6
1.222,2.16,2.02,0.52
1.224,2.16,1.96,0.56
1.226,2.2,2.04,0.68
1.228,2.16,1.96,0.68
1.23,2.2,2.04,0.56
1.232,2.2,1.96,0.68
1.234,2.16,2.04,0.56
1.236,2.2,1.96,0.56
1.238,2.16,2.04,0.68
1.24,2.16,1.96,0.6
1.242,2.2,2.04,0.52
1.244,2.2,1.96,0.56
1.246,2.14,2.04,0.64
1.248,2.2,1.96,0.68
1.25,2.16,2.04,0.56
1.252,2.2,1.94,0.68
1.254,2.12,2.02,0.56
1.256,2.2,2.04,0.64
1.258,2.16,1.96,0.52
1.26,2.16,1.96,0.6
1.262,2.2,2.04,0.52
1.264,2.2,1.96,0.6
1.266,2.12,2.02,0.52
1.268,2.2,2.04,0.56
1.27,2.16,1.96,0.68
1.272,2.12,2.04,0.56
1.274,2.2,1.96,0.68
1.276,2.2,1.96,0.68
1.278,2.12,2.04,0.52
1.28,2.18,1.96,0.6
1.282,2.12,2.04,0.52
1.284,2.2,2.04,0.52
1.286,2.12,1.96,0.68
1.288,2.2,2.02,0.56
1.29,2.12,1.96,0.68
1.292,2.12,2.04,0.68
1.294,2.2,1.96,0.56
1.296,2.12,1.96,0.68
1.298,2.2,2.04,0.52
1.3,2.12,1.96,0.6
1.302,2.2,2.04,0.52
1.304,2.12,2.04,0.56
1.306,2.2,1.96,0.64
1.308,2.12,2.04,0.68
1.31,2.18,1.96,0.56
1.312,2.12,1.96,0.56
1.314,2.18,2.04,0.68
1.316,2.18,1.94,0.56
1.318,2.12,2.04,0.64
1.32,2.12,1.96,0.56
1.322,2.2,2.04,0.64
1.324,2.12,2.04,0.56
1.326,2.18,1.96,0.68
1.328,2.18,1.96,0.56
1.33,2.12,2.04,0.68
1.332,2.18,2.04,0.68
1.334,2.1,1.96,0.56
1.336,2.12,1.96,0.68
1.338,2.18,2.02,0.52
1.34,2.12,2.02,0.6
1.342,2.18,1.96,0.52
1.344,2.1,1.96,0.56
1.346,2.18,2.04,0.68
1.348,2.1,1.96,0.68
1.35,2.16,2.04,0.56
1.352,2.14,1.96,0.56
1.354,2.1,2.04,0.68
1.356,2.1,2.04,0.56
1.358,2.14,1.96,0.68
1.36,2.14,1.96,0.56
1.362,2.1,2.04,0.68
1.364,2.14,2.02,0.56
1.366,2.1,1.96,0.68
1.368,2.1,1.96,0.68
1.37,2.18,2.04,0.56
1.372,2.14,2.04,0.56
1.374,2.08,1.96,0.68
1.3760000000000001,2.1,2.02,0.56
1.3780000000000001,2.14,1.96,0.64
1.3800000000000001,2.14,1.94,0.56
1.3820000000000001,2.1,2.04,0.68
1.3840000000000001,2.08,1.96,0.68
1.3860000000000001,2.14,2.04,0.56
1.3880000000000001,2.12,2.04,0.68
1.3900000000000001,2.06,1.96,0.56
1.3920000000000001,2.12,1.96,0.68
1.3940000000000001,2.06,2.04,0.56
1.3960000000000001,2.12,1.96,0.56
1.3980000000000001,2.06,2.04,0.68
1.4000000000000001,2.12,2.04,0.56
1.4020000000000001,2.06,1.96,0.68
1.4040000000000001,2.06,2.04,0.68
1.4060000000000001,2.12,1.96,0.56
1.408,2.12,2.04,0.56
1.41,2.04,1.96,0.68
1.412,2.04,1.96,0.68
1.414,2.12,2.04,0.56
1.416,2.12,1.96,0.68
1.418,2.04,2.04,0.56
1.42,2.08,2.02,0.64
1.422,2.04,1.96,0.72
1.424,2.08,1.96,0.64
1.426,2.02,2.02,0.72
1.428,2.04,1.96,0.64
1.43,2.08,2.04,0.72
1.432,2.08,2.04,0.72
1.434,2.02,1.96,0.64
1.436,2.08,1.96,0.64
1.438,2.04,2.04,0.72
1.44,2.04,1.96,0.64
1.442,2.08,2.04,0.72
1.444,2.08,1.96,0.64
1.446,2.02,2.04,0.72
1.448,2.08,1.96,0.72
1.45,2.04,2.04,0.64
1.452,2.08,2.02,0.72
1.454,2.02,1.96,0.64
1.456,2.08,2.02,0.72
1.458,2.02,1.96,0.64
1.46,2.08,1.96,0.64
1.462,2.02,2.04,0.72
1.464,2.02,2.04,0.64
1.466,2.08,1.96,0.72
1.468,2.08,1.96,0.72
1.47,2.02,2.02,0.64
1.472,2.02,2.04,0.72
1.474,2.08,1.96,0.64
1.476,2.06,2.04,0.72
1.478,2.02,1.96,0.64
1.48,2.08,1.96,0.64
1.482,2.02,2.04,0.72
1.484,2.02,1.94,0.64
1.486,2.08,2.02,0.72
1.488,2.06,2.02,0.72
1.49,2.02,1.94,0.64
1.492,2.02,2.04,0.72
1.494,2.06,1.94,0.64
1.496,2.06,1.96,0.64
1.498,2.02,2.04,0.72
1.5,2.02,1.96,0.64
1.502,2.06,2.04,0.72
1.504,2.06,2.04,0.72
1.506,1.98,1.94,0.64
1.508,2.02,1.96,0.64
1.51,2.06,2.04,0.72
1.512,2.06,2.04,0.72
1.514,2.0,1.96,0.64
1.516,2.06,2.04,0.72
1.518,2.0,1.96,0.64
1.52,2.06,2.04,0.64
1.522,1.98,1.96,0.72
1.524,2.06,2.02,0.64
1.526,1.98,1.96,0.72
1.528,1.98,1.96,0.64
1.53,2.06,2.04,0.72
1.532,1.98,1.96,0.72
1.534,2.06,2.04,0.64
1.536,1.98,2.02,0.64
1.538,2.06,1.94,0.72
1.54,2.06,2.04,0.64
1.542,2.0,1.96,0.72
1.544,2.06,1.96,0.64
1.546,1.98,2.04,0.72
1.548,2.06,1.96,0.72
1.55,1.98,2.04,0.64
1.552,2.02,2.02,0.72
1.554,1.98,1.94,0.64
1.556,2.02,1.96,0.72
1.558,1.98,2.02,0.64
1.56,2.02,1.96,0.64
1.562,1.98,2.04,0.72
1.564,2.02,1.98,0.64
1.566,1.96,2.04,0.72
1.568,2.02,1.96,0.72
1.57,1.98,2.04,0.64
1.572,2.02,2.02,0.72
1.574,1.96,1.96,0.64
1.576,2.02,2.02,0.72
1.578,1.98,1.96,0.64
1.58,2.02,2.02,0.72
1.582,1.98,1.96,0.64
1.584,2.02,1.96,0.64
1.586,1.98,2.04,0.72
1.588,2.02,2.02,0.72
1.59,1.98,1.96,0.64
1.592,2.02,1.96,0.72
1.594,1.98,2.04,0.64
1.596,2.02,2.02,0.64
1.598,1.98,1.96,0.72
1.6,2.02,2.04,0.64
1.602,1.96,1.96,0.72
1.604,2.02,1.94,0.72
1.606,1.96,2.04,0.64
1.608,2.02,2.04,0.72
1.61,1.96,1.96,0.64
1.612,1.96,1.96,0.72
1.614,2.02,2.02,0.64
1.616,1.96,2.02,0.72
1.618,2.02,1.94,0.64
1.62,2.0,1.96,0.72
1.622,1.96,2.04,0.64
1.624,2.0,2.04,0.64
1.6260000000000001,1.94,1.96,0.72
1.6280000000000001,1.96,2.04,0.68
1.6300000000000001,2.02,1.96,0.8
1.6320000000000001,1.96,1.96,0.68
1.6340000000000001,2.02,2.04,0.8
1.6360000000000001,1.96,1.96,0.72
1.6380000000000001,2.02,2.02,0.64
1.6400000000000001,2.0,2.04,0.72
1.6420000000000001,1.96,1.98,0.64
1.6440000000000001,1.96,2.02,0.72
1.6460000000000001,2.02,1.96,0.68
1.6480000000000001,1.96,1.96,0.68
1.6500000000000001,2.02,2.02,0.8
1.6520000000000001,1.96,2.02,0.76
1.6540000000000001,2.02,1.96,0.64
1.6560000000000001,2.0,2.02,0.72
1.6580000000000001,1.96,1.96,0.64
1.6600000000000001,2.0,2.02,0.64
1.6620000000000001,1.96,1.96,0.72
1.6640000000000001,1.94,1.96,0.72
1.666,2.0,2.04,0.64
1.668,2.0,1.96,0.68
1.67,1.96,2.04,0.8
1.672,2.0,1.96,0.72
1.674,1.94,2.04,0.68
1.676,1.96,2.02,0.72
1.678,2.0,1.94,0.64
1.68,2.0,1.96,0.72
1.682,1.96,2.04,0.64
1.684,2.0,2.04,0.72
1.686,1.92,1.96,0.64
1.688,1.96,2.04,0.68
1.69,2.0,1.96,0.8
1.692,2.0,1.96,0.68
1.694,1.92,2.02,0.8
1.696,2.0,2.04,0.72
1.698,1.94,1.96,0.64
1.7,2.0,2.02,0.72
1.702,1.92,1.96,0.64
1.704,1.94,1.96,0.72
1.706,2.0,2.04,0.68
1.708,2.0,2.02,0.8
1.71,1.92,1.96,0.68
1.712,2.0,2.04,0.8
1.714,1.92,1.94,0.68
1.716,2.0,1.96,0.68
1.718,1.94,2.04,0.8
1.72,2.0,1.96,0.68
1.722,1.92,2.04,0.8
1.724,1.92,2.02,0.8
1.726,2.0,1.96,0.68
1.728,2.0,2.02,0.8
1.73,1.94,1.94,0.68
1.732,2.0,2.02,0.8
1.734,1.92,1.96,0.68
1.736,1.92,2.02,0.8
1.738,2.0,1.96,0.68
1.74,1.98,2.04,0.68
1.742,1.92,1.96,0.8
1.744,1.92,2.04,0.8
1.746,2.0,1.96,0.68
1.748,1.92,2.04,0.8
1.75,2.0,1.96,0.68
1.752,1.92,1.94,0.8
1.754,2.0,2.04,0.68
1.756,1.92,2.04,0.8
1.758,2.0,1.96,0.68
1.76,1.92,1.96,0.68
1.762,1.98,2.02,0.8
1.764,1.98,1.96,0.8
1.766,1.9,2.04,0.68
1.768,1.98,2.04,0.8
1.77,1.92,1.96,0.68
1.772,1.92,1.96,0.8
1.774,1.98,2.04,0.68
1.776,1.98,1.96,0.68
1.778,1.9,2.04,0.8
1.78,1.98,2.02,0.68
1.782,1.92,1.96,0.8
1.784,1.92,1.96,0.68
1.786,1.98,2.02,0.8
1.788,1.92,1.96,0.8
1.79,1.98,2.04,0.68
1.792,1.98,2.04,0.8
1.794,1.92,1.96,0.68
1.796,1.92,2.04,0.68
1.798,1.98,1.96,0.8
1.8,1.96,2.02,0.8
1.802,1.9,1.94,0.68
1.804,1.9,1.96,0.68
1.806,1.98,2.02,0.8
1.808,1.98,1.96,0.8
1.81,1.9,2.04,0.68
1.812,1.96,1.96,0.8
1.814,1.9,2.04,0.72
1.816,1.92,2.04,0.8
1.818,1.98,1.96,0.68
1.82,1.92,2.02,0.8
1.822,1.98,1.96,0.68
1.824,1.9,2.02,0.72
1.826,1.98,1.96,0.8
1.828,1.9,2.04,0.76
1.83,1.98,1.96,0.84
1.832,1.96,2.04,0.8
1.834,1.9,1.96,0.72
1.836,1.9,1.96,0.8
1.838,1.96,2.04,0.72
1.84,1.92,1.96,0.8
1.842,1.98,2.04,0.68
1.844,1.9,1.96,0.68
1.846,1.98,2.04,0.8
1.848,1.9,2.02,0.8
1.85,1.98,1.96,0.76
1.852,1.98,2.04,0.84
1.854,1.9,1.94,0.72
1.856,1.96,1.96,0.8
1.858,1.9,2.04,0.68
1.86,1.98,1.96,0.8
1.862,1.9,2.04,0.68
1.864,1.9,2.04,0.8
1.866,1.98,1.96,0.68
1.868,1.96,1.94,0.76
1.87,1.9,2.04,0.84
1.872,1.9,2.04,0.84
1.874,1.94,1.94,0.72
1.8760000000000001,1.94,1.96,0.8
1.8780000000000001,1.9,2.04,0.68
1.8800000000000001,1.96,1.96,0.68
1.8820000000000001,1.9,2.04,0.8
1.8840000000000001,1.94,1.96,0.8
1.8860000000000001,1.9,2.04,0.68
1.8880000000000001,1.96,1.96,0.8
1.8900000000000001,1.9,2.04,0.76
1.8920000000000001,1.94,1.96,0.84
1.8940000000000001,1.88,2.04,0.68
1.8960000000000001,1.9,2.02,0.8
1.8980000000000001,1.96,1.96,0.68
1.9000000000000001,1.9,2.04,0.8
1.9020000000000001,1.94,1.96,0.68
1.9040000000000001,1.9,1.94,0.8
1.9060000000000001,1.94,2.04,0.68
1.9080000000000001,1.94,1.96,0.76
1.9100000000000001,1.9,2.04,0.84
1.9120000000000001,1.94,2.02,0.84
1.9140000000000001,1.9,1.94,0.76
1.9160000000000001,1.94,2.02,0.84
1.9180000000000001,1.9,1.96,0.72
1.92,1.94,1.96,0.72
1.922,1.9,2.04,0.8
1.924,1.94,1.96,0.8
1.926,1.9,2.02,0.72
1.928,1.94,2.04,0.76
1.93,1.9,1.96,0.84
1.932,1.9,1.96,0.76
1.934,1.94,2.04,0.84
1.936,1.94,2.04,0.8
1.938,1.9,1.96,0.68
1.94,1.9,1.96,0.8
1.942,1.94,2.04,0.72
1.944,1.94,1.96,0.76
1.946,1.88,2.04,0.84
1.948,1.9,2.04,0.76
1.95,1.94,1.94,0.84
1.952,1.94,1.96,0.84
1.954,1.88,2.04,0.76
1.956,1.9,2.02,0.76
1.958,1.94,1.96,0.84
1.96,1.94,1.96,0.76
1.962,1.9,2.04,0.84
1.964,1.94,1.96,0.76
1.966,1.9,2.04,0.84
1.968,1.9,2.04,0.84
1.97,1.94,1.94,0.76
1.972,1.94,1.96,0.84
1.974,1.9,2.04,0.76
1.976,1.9,1.96,0.76
1.978,1.94,2.04,0.84
1.98,1.94,1.96,0.76
1.982,1.9,2.04,0.84
1.984,1.94,1.96,0.76
1.986,1.88,2.04,0.84
1.988,1.9,1.96,0.76
1.99,1.94,2.04,0.84
1.992,1.94,1.96,0.84
1.994,1.86,2.02,0.76
1.996,1.9,2.02,0.84
1.998,1.94,1.96,0.76
2.0,1.94,2.04,0.8
2.0020000000000002,1.9,1.96,0.76
2.004,1.9,2.04,0.76
2.0060000000000002,1.94,1.96,0.84
2.008,1.9,2.02,0.76
2.0100000000000002,1.94,1.96,0.84
2.012,1.94,2.02,0.76
2.0140000000000002,1.88,1.96,0.84
2.016,1.9,2.02,0.76
2.0180000000000002,1.94,1.94,0.84
2.02,1.94,1.96,0.8
2.0220000000000002,1.9,2.02,0.68
2.024,1.94,1.96,0.76
2.0260000000000002,1.88,2.04,0.84
2.028,1.9,2.02,0.76
2.0300000000000002,1.94,1.96,0.84
2.032,1.94,1.96,0.76
2.0340000000000003,1.86,2.04,0.84
2.036,1.94,2.02,0.76
2.0380000000000003,1.88,1.96,0.84
2.04,1.94,1.96,0.8
2.0420000000000003,1.86,2.04,0.72
2.044,1.94,1.96,0.76
2.0460000000000003,1.86,2.04,0.84
2.048,1.88,2.02,0.76
2.05,1.94,1.96,0.84
2.052,1.92,2.04,0.84
2.054,1.84,1.96,0.76
2.056,1.94,1.96,0.76
2.058,1.86,2.04,0.84
2.06,1.86,1.96,0.76
2.062,1.94,2.04,0.84
2.064,1.88,2.04,0.76
2.066,1.94,1.96,0.84
2.068,1.94,1.96,0.84
2.07,1.9,2.02,0.76
2.072,1.94,1.96,0.84
2.074,1.88,2.04,0.76
2.076,1.94,1.96,0.84
2.078,1.88,2.02,0.76
2.08,1.94,1.96,0.76
2.082,1.86,2.04,0.84
2.084,1.94,2.04,0.84
2.086,1.88,1.96,0.76
2.088,1.94,1.96,0.84
2.09,1.88,2.04,0.8
2.092,1.94,2.02,0.84
2.094,1.9,1.94,0.76
2.096,1.9,1.96,0.84
2.098,1.94,2.04,0.76
2.1,1.9,2.04,0.84
2.102,1.94,1.96,0.76
2.104,1.9,1.96,0.76
2.106,1.94,2.04,0.84
2.108,1.9,2.04,0.84
2.11,1.94,1.96,0.76
2.112,1.94,2.02,0.76
2.114,1.88,1.96,0.84
2.116,1.94,1.96,0.76
2.118,1.9,2.04,0.84
2.12,1.94,2.02,0.76
2.122,1.9,1.94,0.84
2.124,1.9,1.96,0.76
2.126,1.94,2.02,0.84
2.128,1.94,1.96,0.76
2.13,1.9,2.04,0.84
2.132,1.9,1.96,0.76
2.134,1.94,2.04,0.84
2.136,1.94,2.04,0.8
2.138,1.9,1.96,0.76
2.14,1.94,1.96,0.8
2.142,1.9,2.04,0.72
2.144,1.94,1.96,0.76
2.146,1.9,2.02,0.84
2.148,1.94,2.04,0.84
2.15,1.9,1.96,0.76
2.152,1.94,2.04,0.76
2.154,1.9,1.96,0.84
2.156,1.94,1.96,0.8
2.158,1.9,2.04,0.72
2.16,1.9,2.04,0.8
2.162,1.94,1.96,0.72
2.164,1.94,2.04,0.76
2.166,1.88,1.96,0.84
2.168,1.94,1.94,0.76
2.17,1.9,2.04,0.84
2.172,1.9,2.04,0.84
2.174,1.94,1.96,0.76
2.176,1.9,2.02,0.76
2.178,1.94,1.96,0.84
2.18,1.9,1.96,0.8
2.182,1.94,2.02,0.72
2.184,1.94,2.02,0.76
2.186,1.9,1.94,0.84
2.188,1.9,1.96,0.76
2.19,1.94,2.04,0.84
2.192,1.94,2.04,0.76
2.194,1.9,1.96,0.84
2.196,1.94,1.96,0.76
2.198,1.9,2.04,0.84
2.2,1.94,1.96,0.76
2.202,1.9,2.02,0.84
2.204,1.94,1.96,0.76
2.206,1.9,2.04,0.84
2.208,1.94,2.04,0.84
2.21,1.9,1.96,0.76
2.212,1.94,1.96,0.84
2.214,1.9,2.04,0.76
2.216,1.9,1.96,0.76
2.218,1.94,2.04,0.84
2.22,1.94,2.04,0.8
2.222,1.9,1.96,0.76
2.224,1.9,2.04,0.76
2.226,1.94,1.96,0.84
2.228,1.9,1.96,0.84
2.23,1.94,2.04,0.76
2.232,1.94,2.04,0.84
2.234,1.9,1.96,0.76
2.236,1.94,2.02,0.76
2.238,1.9,1.96,0.84
2.24,1.94,2.02,0.76
2.242,1.9,1.94,0.84
2.244,1.94,1.96,0.76
2.246,1.9,2.04,0.84
2.248,1.9,1.96,0.76
2.25,1.98,2.04,0.84
2.2520000000000002,1.9,2.04,0.76
2.254,1.96,1.96,0.84
2.2560000000000002,1.9,1.96,0.84
2.258,1.96,2.04,0.72
2.2600000000000002,1.9,2.02,0.8
2.262,1.96,1.96,0.72
2.2640000000000002,1.96,2.02,0.72
2.266,1.9,1.94,0.84
2.2680000000000002,1.9,1.96,0.84
2.27,1.96,2.04,0.76
2.2720000000000002,1.9,2.04,0.76
2.274,1.96,1.96,0.84
2.2760000000000002,1.9,1.96,0.76
2.278,1.96,2.04,0.8
2.2800000000000002,1.96,1.96,0.8
2.282,1.9,2.02,0.68
2.2840000000000003,1.9,2.04,0.76
2.286,1.98,1.96,0.84
2.2880000000000003,1.9,2.02,0.76
2.29,1.96,1.96,0.84
2.2920000000000003,1.9,2.02,0.76
2.294,1.96,1.96,0.84
2.2960000000000003,1.9,2.04,0.76
2.298,1.98,1.96,0.84
2.3000000000000003,1.96,2.04,0.8
2.302,1.9,1.94,0.72
2.3040000000000003,1.9,2.04,0.76
2.306,1.96,1.96,0.84
2.308,1.9,2.04,0.76
2.31,1.98,1.96,0.84
2.312,1.96,2.02,0.76
2.314,1.9,1.96,0.84
2.316,1.92,2.02,0.8
2.318,1.98,1.94,0.68
2.32,1.96,2.04,0.72
2.322,1.92,1.96,0.8
2.324,1.98,2.02,0.76
2.326,1.9,1.96,0.84
2.328,1.98,1.96,0.76
2.33,1.9,2.04,0.84
2.332,1.96,1.96,0.76
2.334,1.9,2.04,0.84
2.336,1.9,1.96,0.8
2.338,1.98,2.04,0.68
2.34,1.9,2.02,0.8
2.342,1.98,1.94,0.68
2.344,1.96,1.96,0.76
2.346,1.9,2.04,0.84
2.348,1.92,1.96,0.84
2.35,1.96,2.04,0.76
2.352,1.9,2.02,0.76
2.354,1.98,1.96,0.84
2.356,1.9,2.04,0.8
2.358,1.98,1.96,0.76
2.36,1.9,2.04,0.8
2.362,1.98,1.96,0.68
2.364,1.96,2.02,0.76
2.366,1.9,1.96,0.84
2.368,1.9,2.02,0.76
2.37,1.96,1.96,0.84
2.372,1.9,2.04,0.84
2.374,1.98,1.94,0.76
2.376,1.98,1.96,0.76
2.378,1.9,2.04,0.84
2.38,1.92,1.96,0.8
2.382,1.98,2.04,0.72
2.384,1.9,2.04,0.76
2.386,1.98,1.96,0.84
2.388,1.92,1.96,0.76
2.39,1.98,2.04,0.84
2.392,1.98,1.96,0.84
2.394,1.9,2.04,0.76
2.396,1.9,2.04,0.76
2.398,1.98,1.96,0.84
