X,CH1,CH2,Start,Increment,
Sequence,Volt,Volt,3.800000e-01,2.000000e-03
0,-1.44e+00,-2.20e-01,
1,-1.48e+00,-1.80e-01,
2,-1.44e+00,-1.60e-01,
3,-1.48e+00,-2.20e-01,
4,-1.44e+00,-1.80e-01,
5,-1.50e+00,-2.40e-01,
6,-1.44e+00,-2.00e-01,
7,-1.48e+00,-2.40e-01,
8,-1.48e+00,-2.40e-01,
9,-1.42e+00,-1.80e-01,
10,-1.50e+00,-2.20e-01,
11,-1.42e+00,-1.80e-01,
12,-1.42e+00,-1.60e-01,
13,-1.48e+00,-2.20e-01,
14,-1.44e+00,-1.80e-01,
15,-1.48e+00,-2.20e-01,
16,-1.48e+00,-2.00e-01,
17,-1.42e+00,-2.40e-01,
18,-1.42e+00,-2.40e-01,
19,-1.48e+00,-2.00e-01,
20,-1.48e+00,-2.20e-01,
21,-1.42e+00,-1.60e-01,
22,-1.44e+00,-2.20e-01,
23,-1.48e+00,-1.60e-01,
24,-1.48e+00,-2.20e-01,
25,-1.42e+00,-1.80e-01,
26,-1.42e+00,-2.00e-01,
27,-1.48e+00,-2.40e-01,
28,-1.44e+00,-2.40e-01,
29,-1.48e+00,-1.80e-01,
30,-1.50e+00,-2.20e-01,
31,-1.44e+00,-1.80e-01,
32,-1.48e+00,-1.60e-01,
33,-1.44e+00,-2.20e-01,
34,-1.44e+00,-1.80e-01,
35,-1.50e+00,-2.20e-01,
36,-1.48e+00,-1.80e-01,
37,-1.44e+00,-2.40e-01,
38,-1.44e+00,-2.40e-01,
39,-1.48e+00,-1.80e-01,
40,-1.50e+00,-2.20e-01,
41,-1.44e+00,-1.80e-01,
42,-1.48e+00,-1.60e-01,
43,-1.44e+00,-2.20e-01,
44,-1.44e+00,-1.80e-01,
45,-1.50e+00,-2.40e-01,
46,-1.48e+00,-1.80e-01,
47,-1.42e+00,-2.40e-01,
48,-1.48e+00,-2.00e-01,
49,-1.44e+00,-2.40e-01,
50,-1.44e+00,-2.20e-01,
51,-1.50e+00,-1.80e-01,
52,-1.48e+00,-1.60e-01,
53,-1.44e+00,-2.20e-01,
54,-1.44e+00,-1.80e-01,
55,-1.50e+00,-2.40e-01,
56,-1.48e+00,-2.00e-01,
57,-1.42e+00,-2.40e-01,
58,-1.44e+00,-2.40e-01,
59,-1.48e+00,-1.80e-01,
60,-1.48e+00,-2.20e-01,
61,-1.42e+00,-1.80e-01,
62,-1.42e+00,-1.80e-01,
63,-1.48e+00,-2.20e-01,
64,-1.42e+00,-1.80e-01,
65,-1.48e+00,-2.40e-01,
66,-1.46e+00,-2.00e-01,
67,-1.42e+00,-2.40e-01,
68,-1.48e+00,-2.40e-01,
69,-1.42e+00,-1.80e-01,
70,-1.48e+00,-2.20e-01,
71,-1.42e+00,-1.80e-01,
72,-1.42e+00,-2.20e-01,
73,-1.48e+00,-1.60e-01,
74,-1.48e+00,-1.80e-01,
75,-1.42e+00,-2.20e-01,
76,-1.42e+00,-2.40e-01,
77,-1.48e+00,-2.00e-01,
78,-1.46e+00,-2.40e-01,
79,-1.42e+00,-2.00e-01,
80,-1.42e+00,-2.20e-01,
81,-1.48e+00,-1.60e-01,
82,-1.42e+00,-1.80e-01,
83,-1.48e+00,-2.20e-01,
84,-1.42e+00,-1.80e-01,
85,-1.48e+00,-2.40e-01,
86,-1.46e+00,-2.00e-01,
87,-1.42e+00,-2.40e-01,
88,-1.46e+00,-2.40e-01,
89,-1.42e+00,-2.00e-01,
90,-1.42e+00,-2.20e-01,
91,-1.48e+00,-1.80e-01,
92,-1.46e+00,-1.80e-01,
93,-1.42e+00,-2.20e-01,
94,-1.42e+00,-1.80e-01,
95,-1.48e+00,-2.20e-01,
96,-1.42e+00,-2.00e-01,
97,-1.46e+00,-2.40e-01,
98,-1.46e+00,-2.40e-01,
99,-1.42e+00,-1.80e-01,
100,-1.42e+00,-2.20e-01,
101,-1.48e+00,2.22e+00,
102,-1.42e+00,2.24e+00,
103,-1.46e+00,2.20e+00,
104,-1.42e+00,2.22e+00,
105,-1.48e+00,2.18e+00,
106,-1.46e+00,2.20e+00,
107,-1.40e+00,2.16e+00,
108,-1.42e+00,2.16e+00,
109,-1.48e+00,2.22e+00,
110,-1.42e+00,2.18e+00,
111,-1.46e+00,2.22e+00,
112,-1.46e+00,2.22e+00,
113,-1.42e+00,2.18e+00,
114,-1.42e+00,2.22e+00,
115,-1.48e+00,2.16e+00,
116,-1.46e+00,2.20e+00,
117,-1.42e+00,2.16e+00,
118,-1.42e+00,2.16e+00,
119,-1.48e+00,2.22e+00,
120,-1.46e+00,2.18e+00,
121,-1.42e+00,2.22e+00,
122,-1.42e+00,2.24e+00,
123,-1.48e+00,2.18e+00,
124,-1.48e+00,2.22e+00,
125,-1.42e+00,2.18e+00,
126,-1.44e+00,2.16e+00,
127,-1.48e+00,2.22e+00,
128,-1.44e+00,2.16e+00,
129,-1.50e+00,2.22e+00,
130,-1.48e+00,2.18e+00,
131,-1.44e+00,2.22e+00,
132,-1.44e+00,2.24e+00,
133,-1.48e+00,2.18e+00,
134,-1.44e+00,2.22e+00,
135,-1.50e+00,2.18e+00,
136,-1.44e+00,2.20e+00,
137,-1.48e+00,2.16e+00,
138,-1.44e+00,2.16e+00,
139,-1.50e+00,2.22e+00,
140,-1.48e+00,2.18e+00,
141,-1.44e+00,2.22e+00,
142,-1.48e+00,2.24e+00,
143,-1.44e+00,2.18e+00,
144,-1.48e+00,2.22e+00,
145,-1.44e+00,2.18e+00,
146,-1.48e+00,2.22e+00,
147,-1.44e+00,2.16e+00,
148,-1.44e+00,2.16e+00,
149,-1.50e+00,2.22e+00,
150,-1.48e+00,2.18e+00,
151,-1.44e+00,2.22e+00,
152,-1.48e+00,2.24e+00,
153,-1.44e+00,2.18e+00,
154,-1.44e+00,2.22e+00,
155,-1.50e+00,2.16e+00,
156,-1.44e+00,2.20e+00,
157,-1.48e+00,2.16e+00,
158,-1.44e+00,2.16e+00,
159,-1.50e+00,2.22e+00,
160,-1.48e+00,2.22e+00,
161,-1.44e+00,2.18e+00,
162,-1.48e+00,2.22e+00,
163,-1.44e+00,2.18e+00,
164,-1.44e+00,2.22e+00,
165,-1.50e+00,2.16e+00,
166,-1.48e+00,2.20e+00,
167,-1.44e+00,2.16e+00,
168,-1.44e+00,2.16e+00,
169,-1.50e+00,2.22e+00,
170,-1.44e+00,2.18e+00,
171,-1.48e+00,2.24e+00,
172,-1.48e+00,2.18e+00,
173,-1.44e+00,2.24e+00,
174,-1.44e+00,2.22e+00,
175,-1.50e+00,2.16e+00,
176,-1.48e+00,2.20e+00,
177,-1.44e+00,2.16e+00,
178,-1.48e+00,2.16e+00,
179,-1.44e+00,2.22e+00,
180,-1.42e+00,2.22e+00,
181,-1.48e+00,2.18e+00,
182,-1.44e+00,2.24e+00,
183,-1.48e+00,2.18e+00,
184,-1.44e+00,2.22e+00,
185,-1.48e+00,2.18e+00,
186,-1.48e+00,2.20e+00,
187,-1.42e+00,2.16e+00,
188,-1.42e+00,2.16e+00,
189,-1.50e+00,2.22e+00,
190,-1.42e+00,2.18e+00,
191,-1.48e+00,2.22e+00,
192,-1.46e+00,2.24e+00,
193,-1.42e+00,2.18e+00,
194,-1.42e+00,2.22e+00,
195,-1.48e+00,2.18e+00,
196,-1.46e+00,2.20e+00,
197,-1.42e+00,2.16e+00,
198,-1.42e+00,2.16e+00,
199,-1.48e+00,2.22e+00,
200,-1.40e+00,2.18e+00,
201,-1.46e+00,2.22e+00,
202,-1.40e+00,2.22e+00,
203,-1.46e+00,2.18e+00,
204,-1.40e+00,2.22e+00,
205,-1.46e+00,2.18e+00,
206,-1.44e+00,2.22e+00,
207,-1.38e+00,2.16e+00,
208,-1.44e+00,2.16e+00,
209,-1.38e+00,2.22e+00,
210,-1.42e+00,2.18e+00,
211,-1.38e+00,2.22e+00,
212,-1.38e+00,2.20e+00,
213,-1.42e+00,2.24e+00,
214,-1.36e+00,2.22e+00,
215,-1.42e+00,2.16e+00,
216,-1.40e+00,2.20e+00,
217,-1.36e+00,2.16e+00,
218,-1.40e+00,2.16e+00,
219,-1.34e+00,2.22e+00,
220,-1.38e+00,2.18e+00,
221,-1.34e+00,2.24e+00,
222,-1.34e+00,2.18e+00,
223,-1.38e+00,2.24e+00,
224,-1.38e+00,2.22e+00,
225,-1.32e+00,2.18e+00,
226,-1.36e+00,2.22e+00,
227,-1.32e+00,2.16e+00,
228,-1.36e+00,2.16e+00,
229,-1.30e+00,2.22e+00,
230,-1.36e+00,2.18e+00,
231,-1.30e+00,2.24e+00,
232,-1.28e+00,2.24e+00,
233,-1.34e+00,2.18e+00,
234,-1.28e+00,2.22e+00,
235,-1.34e+00,2.18e+00,
236,-1.30e+00,2.20e+00,
237,-1.24e+00,2.16e+00,
238,-1.24e+00,2.16e+00,
239,-1.32e+00,2.22e+00,
240,-1.30e+00,2.18e+00,
241,-1.22e+00,2.24e+00,
242,-1.22e+00,2.20e+00,
243,-1.28e+00,2.24e+00,
244,-1.28e+00,2.22e+00,
245,-1.20e+00,2.18e+00,
246,-1.20e+00,2.22e+00,
247,-1.24e+00,2.16e+00,
248,-1.24e+00,2.16e+00,
249,-1.18e+00,2.22e+00,
250,-1.22e+00,2.18e+00,
251,-1.16e+00,2.22e+00,
252,-1.22e+00,2.20e+00,
253,-1.16e+00,2.24e+00,
254,-1.16e+00,2.22e+00,
255,-1.20e+00,2.18e+00,
256,-1.18e+00,2.22e+00,
257,-1.14e+00,2.16e+00,
258,-1.18e+00,2.16e+00,
259,-1.12e+00,2.22e+00,
260,-1.12e+00,2.22e+00,
261,-1.16e+00,2.18e+00,
262,-1.14e+00,2.24e+00,
263,-1.10e+00,2.18e+00,
264,-1.14e+00,2.22e+00,
265,-1.08e+00,2.18e+00,
266,-1.12e+00,2.22e+00,
267,-1.06e+00,2.16e+00,
268,-1.06e+00,2.16e+00,
269,-1.12e+00,2.22e+00,
270,-1.10e+00,2.18e+00,
271,-1.04e+00,2.24e+00,
272,-1.02e+00,2.24e+00,
273,-1.08e+00,2.18e+00,
274,-1.00e+00,2.24e+00,
275,-1.08e+00,2.18e+00,
276,-1.04e+00,2.22e+00,
277,-1.00e+00,2.16e+00,
278,-9.80e-01,2.16e+00,
279,-1.04e+00,2.22e+00,
280,-1.02e+00,2.18e+00,
281,-9.60e-01,2.24e+00,
282,-1.00e+00,2.24e+00,
283,-9.60e-01,2.18e+00,
284,-1.00e+00,2.18e+00,
285,-9.40e-01,2.22e+00,
286,-9.80e-01,2.22e+00,
287,-9.40e-01,2.16e+00,
288,-9.20e-01,2.16e+00,
289,-9.80e-01,2.22e+00,
290,-9.60e-01,2.18e+00,
291,-9.00e-01,2.24e+00,
292,-9.40e-01,2.24e+00,
293,-8.80e-01,2.18e+00,
294,-9.40e-01,2.22e+00,
295,-8.80e-01,2.18e+00,
296,-9.20e-01,2.18e+00,
297,-8.60e-01,2.22e+00,
298,-8.60e-01,2.16e+00,
299,-9.20e-01,2.22e+00,
300,-9.00e-01,2.18e+00,
301,-8.40e-01,2.24e+00,
302,-8.40e-01,2.18e+00,
303,-8.80e-01,2.24e+00,
304,-8.80e-01,2.24e+00,
305,-8.00e-01,2.18e+00,
306,-8.00e-01,2.22e+00,
307,-8.60e-01,2.16e+00,
308,-7.80e-01,2.16e+00,
309,-8.40e-01,2.22e+00,
310,-8.20e-01,2.18e+00,
311,-7.80e-01,2.24e+00,
312,-8.00e-01,2.24e+00,
313,-7.60e-01,2.18e+00,
314,-7.40e-01,2.22e+00,
315,-8.00e-01,2.16e+00,
316,-7.80e-01,2.22e+00,
317,-7.20e-01,2.16e+00,
318,-7.20e-01,2.16e+00,
319,-7.80e-01,2.22e+00,
320,-7.60e-01,2.18e+00,
321,-7.00e-01,2.24e+00,
322,-7.00e-01,2.24e+00,
323,-7.40e-01,2.20e+00,
324,-6.80e-01,2.24e+00,
325,-7.40e-01,2.18e+00,
326,-7.20e-01,2.20e+00,
327,-6.60e-01,2.16e+00,
328,-6.60e-01,2.16e+00,
329,-7.00e-01,2.22e+00,
330,-7.00e-01,2.18e+00,
331,-6.40e-01,2.24e+00,
332,-6.80e-01,2.24e+00,
333,-6.20e-01,2.20e+00,
334,-6.20e-01,2.22e+00,
335,-6.80e-01,2.18e+00,
336,-6.60e-01,2.22e+00,
337,-6.00e-01,2.16e+00,
338,-6.40e-01,2.16e+00,
339,-5.80e-01,2.22e+00,
340,-6.20e-01,2.18e+00,
341,-5.60e-01,2.24e+00,
342,-6.00e-01,2.20e+00,
343,-5.60e-01,2.24e+00,
344,-5.40e-01,2.22e+00,
345,-6.00e-01,2.18e+00,
346,-5.80e-01,2.22e+00,
347,-5.20e-01,2.16e+00,
348,-5.20e-01,2.16e+00,
349,-5.60e-01,2.22e+00,
350,-5.60e-01,2.18e+00,
351,-5.00e-01,2.24e+00,
352,-5.40e-01,2.24e+00,
353,-5.00e-01,2.18e+00,
354,-5.40e-01,2.22e+00,
355,-4.80e-01,2.18e+00,
356,-4.80e-01,2.22e+00,
357,-5.20e-01,2.16e+00,
358,-5.20e-01,2.16e+00,
359,-4.60e-01,2.22e+00,
360,-4.60e-01,2.18e+00,
361,-5.00e-01,2.24e+00,
362,-4.40e-01,2.20e+00,
363,-4.80e-01,2.24e+00,
364,-4.80e-01,2.22e+00,
365,-4.40e-01,2.18e+00,
366,-4.60e-01,2.16e+00,
367,-4.20e-01,2.22e+00,
368,-4.60e-01,2.16e+00,
369,-4.00e-01,2.22e+00,
370,-4.00e-01,2.18e+00,
371,-4.40e-01,2.24e+00,
372,-4.40e-01,2.24e+00,
373,-3.80e-01,2.18e+00,
374,-3.60e-01,2.22e+00,
375,-4.20e-01,2.18e+00,
376,-4.20e-01,2.22e+00,
377,-3.40e-01,2.16e+00,
378,-3.40e-01,2.16e+00,
379,-4.00e-01,2.22e+00,
380,-3.80e-01,2.18e+00,
381,-3.20e-01,2.24e+00,
382,-3.60e-01,2.20e+00,
383,-3.20e-01,2.24e+00,
384,-3.20e-01,2.24e+00,
385,-3.80e-01,2.18e+00,
386,-3.40e-01,2.22e+00,
387,-3.00e-01,2.16e+00,
388,-3.00e-01,2.16e+00,
389,-3.60e-01,2.22e+00,
390,-3.40e-01,2.18e+00,
391,-2.80e-01,2.24e+00,
392,-3.40e-01,2.24e+00,
393,-2.80e-01,2.18e+00,
394,-2.80e-01,2.22e+00,
395,-3.40e-01,2.18e+00,
396,-2.80e-01,2.22e+00,
397,-3.20e-01,2.16e+00,
398,-2.60e-01,2.16e+00,
399,-3.20e-01,2.22e+00,
400,-3.00e-01,2.18e+00,
401,-2.60e-01,2.24e+00,
402,-3.00e-01,2.20e+00,
403,-2.40e-01,2.24e+00,
404,-2.40e-01,2.22e+00,
405,-3.00e-01,2.18e+00,
406,-2.80e-01,2.22e+00,
407,-2.20e-01,2.16e+00,
408,-2.20e-01,2.16e+00,
409,-2.60e-01,2.22e+00,
410,-2.60e-01,2.18e+00,
411,-2.00e-01,2.24e+00,
412,-2.40e-01,2.20e+00,
413,-2.00e-01,2.24e+00,
414,-2.40e-01,2.18e+00,
415,-1.80e-01,2.24e+00,
416,-2.20e-01,2.22e+00,
417,-1.80e-01,2.16e+00,
418,-2.20e-01,2.16e+00,
419,-1.60e-01,2.22e+00,
420,-2.00e-01,2.18e+00,
421,-1.40e-01,2.24e+00,
422,-1.40e-01,2.24e+00,
423,-2.00e-01,2.18e+00,
424,-1.80e-01,2.22e+00,
425,-1.20e-01,2.18e+00,
426,-1.60e-01,2.20e+00,
427,-1.20e-01,2.16e+00,
428,-1.60e-01,2.16e+00,
429,-1.00e-01,2.22e+00,
430,-1.40e-01,2.18e+00,
431,-1.00e-01,2.24e+00,
432,-1.40e-01,2.24e+00,
433,-8.00e-02,2.20e+00,
434,-8.00e-02,2.24e+00,
435,-1.40e-01,2.18e+00,
436,-1.20e-01,2.22e+00,
437,-8.00e-02,2.16e+00,
438,-1.20e-01,2.16e+00,
439,-6.00e-02,2.22e+00,
440,-1.00e-01,2.18e+00,
441,-6.00e-02,2.24e+00,
442,-1.00e-01,2.24e+00,
443,-4.00e-02,2.18e+00,
444,-4.00e-02,2.22e+00,
445,-1.00e-01,2.18e+00,
446,-4.00e-02,2.22e+00,
447,-8.00e-02,2.16e+00,
448,-2.00e-02,2.16e+00,
449,-8.00e-02,2.22e+00,
450,-6.00e-02,2.18e+00,
451,-2.00e-02,2.24e+00,
452,-6.00e-02,2.24e+00,
453,0.00e+00,2.18e+00,
454,0.00e+00,2.22e+00,
455,-6.00e-02,2.18e+00,
456,-4.00e-02,2.22e+00,
457,2.00e-02,2.16e+00,
458,-2.00e-02,2.16e+00,
459,2.00e-02,2.22e+00,
460,-2.00e-02,2.18e+00,
461,4.00e-02,2.24e+00,
462,4.00e-02,2.20e+00,
463,0.00e+00,2.24e+00,
464,4.00e-02,2.24e+00,
465,-2.00e-02,2.18e+00,
466,2.00e-02,2.22e+00,
467,6.00e-02,2.16e+00,
468,2.00e-02,2.22e+00,
469,8.00e-02,2.16e+00,
470,4.00e-02,2.18e+00,
471,1.00e-01,2.24e+00,
472,6.00e-02,2.24e+00,
473,1.00e-01,2.18e+00,
474,1.00e-01,2.22e+00,
475,4.00e-02,2.18e+00,
476,6.00e-02,2.22e+00,
477,1.20e-01,2.16e+00,
478,8.00e-02,2.16e+00,
479,1.20e-01,2.22e+00,
480,8.00e-02,2.18e+00,
481,1.40e-01,2.24e+00,
482,1.40e-01,2.24e+00,
483,1.00e-01,2.20e+00,
484,1.40e-01,2.22e+00,
485,8.00e-02,2.18e+00,
486,1.00e-01,2.22e+00,
487,1.60e-01,2.16e+00,
488,1.60e-01,2.16e+00,
489,1.00e-01,2.22e+00,
490,1.20e-01,2.18e+00,
491,1.60e-01,2.24e+00,
492,1.40e-01,2.24e+00,
493,1.80e-01,2.18e+00,
494,1.80e-01,2.22e+00,
495,1.20e-01,2.18e+00,
496,1.40e-01,2.22e+00,
497,1.80e-01,2.16e+00,
498,2.00e-01,2.16e+00,
499,1.40e-01,2.22e+00,
500,1.60e-01,2.18e+00,
501,2.00e-01,2.24e+00,
502,2.00e-01,2.20e+00,
503,1.40e-01,2.24e+00,
504,1.60e-01,2.22e+00,
505,2.00e-01,2.18e+00,
506,2.20e-01,2.22e+00,
507,1.60e-01,2.16e+00,
508,2.20e-01,2.16e+00,
509,1.60e-01,2.22e+00,
510,1.80e-01,2.18e+00,
511,2.20e-01,2.24e+00,
512,2.20e-01,2.24e+00,
513,1.80e-01,2.20e+00,
514,2.40e-01,2.22e+00,
515,1.80e-01,2.18e+00,
516,2.00e-01,2.22e+00,
517,2.40e-01,2.16e+00,
518,2.00e-01,2.16e+00,
519,2.40e-01,2.22e+00,
520,2.00e-01,2.18e+00,
521,2.40e-01,2.24e+00,
522,2.40e-01,2.24e+00,
523,2.00e-01,2.20e+00,
524,1.80e-01,2.24e+00,
525,2.60e-01,2.18e+00,
526,2.00e-01,2.20e+00,
527,2.60e-01,2.16e+00,
528,2.20e-01,2.16e+00,
529,2.60e-01,2.22e+00,
530,2.20e-01,2.18e+00,
531,2.80e-01,2.24e+00,
532,2.20e-01,2.24e+00,
533,2.80e-01,2.18e+00,
534,2.40e-01,2.22e+00,
535,3.00e-01,2.18e+00,
536,3.00e-01,2.16e+00,
537,2.40e-01,2.20e+00,
538,3.00e-01,2.16e+00,
539,2.40e-01,2.22e+00,
540,3.00e-01,2.18e+00,
541,2.40e-01,2.24e+00,
542,2.60e-01,2.20e+00,
543,3.20e-01,2.24e+00,
544,3.20e-01,2.22e+00,
545,2.60e-01,2.18e+00,
546,3.20e-01,2.22e+00,
547,2.60e-01,2.16e+00,
548,3.20e-01,2.16e+00,
549,2.60e-01,2.22e+00,
550,2.80e-01,2.18e+00,
551,3.20e-01,2.24e+00,
552,2.80e-01,2.24e+00,
553,3.20e-01,2.18e+00,
554,3.20e-01,2.22e+00,
555,2.60e-01,2.18e+00,
556,3.20e-01,2.22e+00,
557,2.80e-01,2.16e+00,
558,2.80e-01,2.16e+00,
559,3.40e-01,2.22e+00,
560,3.00e-01,2.18e+00,
561,3.40e-01,2.24e+00,
562,3.00e-01,2.24e+00,
563,3.40e-01,2.20e+00,
564,3.00e-01,2.18e+00,
565,3.60e-01,2.24e+00,
566,3.20e-01,2.22e+00,
567,3.60e-01,2.16e+00,
568,3.60e-01,2.16e+00,
569,3.00e-01,2.22e+00,
570,3.60e-01,2.18e+00,
571,3.20e-01,2.24e+00,
572,3.20e-01,2.24e+00,
573,3.60e-01,2.20e+00,
574,3.80e-01,2.22e+00,
575,3.20e-01,2.18e+00,
576,3.80e-01,2.16e+00,
577,3.40e-01,2.22e+00,
578,3.80e-01,2.16e+00,
579,3.20e-01,2.22e+00,
580,3.40e-01,2.18e+00,
581,3.80e-01,2.24e+00,
582,3.40e-01,2.24e+00,
583,4.00e-01,2.18e+00,
584,3.40e-01,2.22e+00,
585,4.00e-01,2.18e+00,
586,4.00e-01,2.22e+00,
587,3.40e-01,2.16e+00,
588,4.00e-01,2.16e+00,
589,3.40e-01,2.22e+00,
590,3.60e-01,2.18e+00,
591,4.00e-01,2.24e+00,
592,3.60e-01,2.24e+00,
593,4.20e-01,2.18e+00,
594,4.20e-01,2.22e+00,
595,3.60e-01,2.18e+00,
596,4.20e-01,2.22e+00,
597,3.80e-01,2.16e+00,
598,4.20e-01,2.16e+00,
599,3.60e-01,2.22e+00,
600,4.20e-01,2.18e+00,
601,3.80e-01,2.24e+00,
602,4.00e-01,2.24e+00,
603,4.40e-01,2.18e+00,
604,4.40e-01,2.24e+00,
605,3.80e-01,2.18e+00,
606,4.40e-01,2.22e+00,
607,4.00e-01,2.16e+00,
608,4.40e-01,2.16e+00,
609,3.80e-01,2.22e+00,
610,4.40e-01,2.18e+00,
611,4.00e-01,2.24e+00,
612,4.40e-01,2.24e+00,
613,4.00e-01,2.18e+00,
614,4.40e-01,2.22e+00,
615,3.80e-01,2.18e+00,
616,4.00e-01,2.22e+00,
617,4.60e-01,2.16e+00,
618,4.60e-01,2.16e+00,
619,4.00e-01,2.22e+00,
620,4.60e-01,2.18e+00,
621,4.20e-01,2.24e+00,
622,4.20e-01,2.24e+00,
623,4.60e-01,2.18e+00,
624,4.60e-01,2.24e+00,
625,4.00e-01,2.18e+00,
626,4.60e-01,2.22e+00,
627,4.20e-01,2.16e+00,
628,4.20e-01,2.16e+00,
629,4.80e-01,2.22e+00,
630,4.20e-01,2.18e+00,
631,4.80e-01,2.24e+00,
632,4.80e-01,2.24e+00,
633,4.20e-01,2.18e+00,
634,4.80e-01,2.22e+00,
635,4.20e-01,2.18e+00,
636,4.80e-01,2.22e+00,
637,4.40e-01,2.16e+00,
638,4.80e-01,2.16e+00,
639,4.40e-01,2.22e+00,
640,4.80e-01,2.22e+00,
641,4.40e-01,2.18e+00,
642,4.40e-01,2.24e+00,
643,5.00e-01,2.18e+00,
644,5.00e-01,2.22e+00,
645,4.40e-01,2.18e+00,
646,5.00e-01,2.22e+00,
647,4.60e-01,2.16e+00,
648,5.20e-01,2.16e+00,
649,4.40e-01,2.22e+00,
650,4.60e-01,2.18e+00,
651,5.20e-01,2.24e+00,
652,5.20e-01,2.20e+00,
653,4.60e-01,2.24e+00,
654,5.20e-01,2.22e+00,
655,4.60e-01,2.18e+00,
656,4.80e-01,2.22e+00,
657,5.20e-01,2.16e+00,
658,4.80e-01,2.16e+00,
659,5.20e-01,2.22e+00,
660,4.60e-01,2.18e+00,
661,5.40e-01,2.24e+00,
662,5.40e-01,2.24e+00,
663,5.00e-01,2.18e+00,
664,4.80e-01,2.22e+00,
665,5.40e-01,2.18e+00,
666,5.00e-01,2.20e+00,
667,5.60e-01,2.16e+00,
668,5.00e-01,2.16e+00,
669,5.60e-01,2.22e+00,
670,5.20e-01,2.18e+00,
671,5.60e-01,2.24e+00,
672,5.20e-01,2.24e+00,
673,5.60e-01,2.18e+00,
674,5.60e-01,2.22e+00,
675,5.00e-01,2.18e+00,
676,5.20e-01,2.16e+00,
677,5.60e-01,2.22e+00,
678,5.80e-01,2.16e+00,
679,5.00e-01,2.22e+00,
680,5.20e-01,2.18e+00,
681,5.80e-01,2.24e+00,
682,5.40e-01,2.24e+00,
683,5.80e-01,2.18e+00,
684,5.80e-01,2.22e+00,
685,5.20e-01,2.18e+00,
686,5.80e-01,2.22e+00,
687,5.40e-01,2.16e+00,
688,5.40e-01,2.16e+00,
689,6.00e-01,2.22e+00,
690,5.40e-01,2.18e+00,
691,6.00e-01,2.24e+00,
692,5.60e-01,2.24e+00,
693,6.00e-01,2.18e+00,
694,6.00e-01,2.24e+00,
695,5.40e-01,2.18e+00,
696,5.60e-01,2.20e+00,
697,6.00e-01,2.16e+00,
698,5.60e-01,2.16e+00,
699,6.00e-01,2.22e+00,
700,5.60e-01,2.18e+00,
701,6.20e-01,2.24e+00,
702,6.20e-01,2.24e+00,
703,5.60e-01,2.18e+00,
704,6.20e-01,2.22e+00,
705,5.60e-01,2.18e+00,
706,5.80e-01,2.22e+00,
707,6.20e-01,2.16e+00,
708,6.20e-01,2.16e+00,
709,5.60e-01,2.22e+00,
710,5.80e-01,2.18e+00,
711,6.20e-01,2.22e+00,
712,5.80e-01,2.24e+00,
713,6.20e-01,2.18e+00,
714,6.20e-01,2.22e+00,
715,5.60e-01,2.18e+00,
716,5.80e-01,2.22e+00,
717,6.20e-01,2.16e+00,
718,6.20e-01,2.16e+00,
719,5.60e-01,2.22e+00,
720,6.20e-01,2.18e+00,
721,5.80e-01,2.24e+00,
722,6.20e-01,2.24e+00,
723,5.80e-01,2.18e+00,
724,6.20e-01,2.24e+00,
725,5.60e-01,2.18e+00,
726,6.20e-01,2.22e+00,
727,5.80e-01,2.16e+00,
728,6.20e-01,2.16e+00,
729,5.60e-01,2.22e+00,
730,6.20e-01,2.18e+00,
731,5.80e-01,2.24e+00,
732,6.20e-01,2.24e+00,
733,5.80e-01,2.18e+00,
734,6.20e-01,2.24e+00,
735,5.80e-01,2.18e+00,
736,6.20e-01,2.16e+00,
737,5.80e-01,2.22e+00,
738,6.40e-01,2.16e+00,
739,5.80e-01,2.22e+00,
740,6.00e-01,2.18e+00,
741,6.40e-01,2.24e+00,
742,6.40e-01,2.18e+00,
743,6.00e-01,2.24e+00,
744,5.80e-01,2.22e+00,
745,6.40e-01,2.18e+00,
746,6.00e-01,2.22e+00,
747,6.40e-01,2.16e+00,
748,6.40e-01,2.16e+00,
749,5.80e-01,2.22e+00,
750,6.40e-01,2.18e+00,
751,6.00e-01,2.24e+00,
752,6.00e-01,2.24e+00,
753,6.40e-01,2.20e+00,
754,6.40e-01,2.22e+00,
755,6.00e-01,2.18e+00,
756,6.40e-01,2.22e+00,
757,6.00e-01,2.16e+00,
758,6.60e-01,2.16e+00,
759,6.00e-01,2.22e+00,
760,6.00e-01,2.18e+00,
761,6.60e-01,2.24e+00,
762,6.60e-01,2.24e+00,
763,6.00e-01,2.18e+00,
764,6.00e-01,2.22e+00,
765,6.60e-01,2.18e+00,
766,6.20e-01,2.22e+00,
767,6.60e-01,2.16e+00,
768,6.60e-01,2.16e+00,
769,6.00e-01,2.22e+00,
770,6.20e-01,2.22e+00,
771,6.60e-01,2.18e+00,
772,6.60e-01,2.24e+00,
773,6.20e-01,2.18e+00,
774,6.60e-01,2.24e+00,
775,6.00e-01,2.18e+00,
776,6.20e-01,2.22e+00,
777,6.60e-01,2.16e+00,
778,6.60e-01,2.16e+00,
779,6.00e-01,2.22e+00,
780,6.20e-01,2.18e+00,
781,6.80e-01,2.24e+00,
782,6.80e-01,2.20e+00,
783,6.20e-01,2.24e+00,
784,6.60e-01,2.22e+00,
785,6.20e-01,2.18e+00,
786,6.20e-01,2.22e+00,
787,6.60e-01,2.16e+00,
788,6.60e-01,2.16e+00,
789,6.20e-01,2.22e+00,
790,6.20e-01,2.18e+00,
791,6.80e-01,2.24e+00,
792,6.40e-01,2.24e+00,
793,6.80e-01,2.18e+00,
794,6.80e-01,2.22e+00,
795,6.20e-01,2.18e+00,
796,6.40e-01,2.22e+00,
797,6.80e-01,2.16e+00,
798,6.80e-01,2.18e+00,
799,6.20e-01,2.22e+00,
800,6.40e-01,2.18e+00,
801,6.80e-01,2.24e+00,
802,6.40e-01,2.20e+00,
803,6.80e-01,2.24e+00,
804,6.80e-01,2.22e+00,
805,6.40e-01,2.18e+00,
806,6.80e-01,2.22e+00,
807,6.40e-01,2.16e+00,
808,6.80e-01,2.16e+00,
809,6.20e-01,2.22e+00,
810,6.80e-01,2.22e+00,
811,6.40e-01,2.18e+00,
812,6.40e-01,2.20e+00,
813,6.80e-01,2.24e+00,
814,6.20e-01,2.22e+00,
815,6.80e-01,2.18e+00,
816,6.40e-01,2.22e+00,
817,6.80e-01,2.16e+00,
818,6.80e-01,2.16e+00,
819,6.20e-01,2.22e+00,
820,6.80e-01,2.18e+00,
821,6.40e-01,2.24e+00,
822,6.40e-01,2.24e+00,
823,6.80e-01,2.18e+00,
824,6.80e-01,2.22e+00,
825,6.20e-01,2.18e+00,
826,6.40e-01,2.22e+00,
827,6.80e-01,2.16e+00,
828,6.80e-01,2.16e+00,
829,6.20e-01,2.22e+00,
830,6.80e-01,2.18e+00,
831,6.40e-01,2.24e+00,
832,6.40e-01,2.20e+00,
833,6.80e-01,2.24e+00,
834,6.80e-01,2.24e+00,
835,6.20e-01,2.18e+00,
836,6.80e-01,2.22e+00,
837,6.40e-01,2.16e+00,
838,6.40e-01,2.16e+00,
839,7.00e-01,2.22e+00,
840,6.60e-01,2.18e+00,
841,7.00e-01,2.24e+00,
842,6.40e-01,2.24e+00,
843,7.00e-01,2.18e+00,
844,6.80e-01,2.24e+00,
845,6.40e-01,2.18e+00,
846,6.60e-01,2.22e+00,
847,7.00e-01,2.16e+00,
848,7.00e-01,2.16e+00,
849,6.40e-01,2.22e+00,
850,6.60e-01,2.18e+00,
851,7.00e-01,2.24e+00,
852,6.80e-01,2.24e+00,
853,6.40e-01,2.18e+00,
854,6.80e-01,2.22e+00,
855,6.40e-01,2.18e+00,
856,6.80e-01,2.22e+00,
857,6.40e-01,2.16e+00,
858,6.80e-01,2.16e+00,
859,6.20e-01,2.22e+00,
860,6.80e-01,2.18e+00,
861,6.40e-01,2.24e+00,
862,6.80e-01,2.24e+00,
863,6.40e-01,2.18e+00,
864,6.80e-01,2.22e+00,
865,6.20e-01,2.18e+00,
866,6.40e-01,2.18e+00,
867,6.80e-01,2.22e+00,
868,6.80e-01,2.22e+00,
869,6.20e-01,2.16e+00,
870,6.40e-01,2.18e+00,
871,6.80e-01,2.24e+00,
872,6.40e-01,2.24e+00,
873,6.80e-01,2.18e+00,
874,6.80e-01,2.22e+00,
875,6.20e-01,2.18e+00,
876,6.40e-01,2.16e+00,
877,6.80e-01,2.22e+00,
878,6.80e-01,2.16e+00,
879,6.20e-01,2.22e+00,
880,6.80e-01,2.18e+00,
881,6.20e-01,2.24e+00,
882,6.20e-01,2.24e+00,
883,6.80e-01,2.18e+00,
884,6.60e-01,2.24e+00,
885,6.20e-01,2.18e+00,
886,6.20e-01,2.22e+00,
887,6.60e-01,2.16e+00,
888,6.60e-01,2.22e+00,
889,6.20e-01,2.16e+00,
890,6.20e-01,2.18e+00,
891,6.60e-01,2.24e+00,
892,6.60e-01,2.24e+00,
893,6.20e-01,2.20e+00,
894,6.60e-01,2.22e+00,
895,6.00e-01,2.18e+00,
896,6.60e-01,2.22e+00,
897,6.00e-01,2.18e+00,
898,6.60e-01,2.16e+00,
899,6.00e-01,2.22e+00,
900,6.20e-01,2.18e+00,
901,6.60e-01,2.22e+00,
902,6.60e-01,2.20e+00,
903,6.00e-01,2.24e+00,
904,6.20e-01,2.22e+00,
905,6.60e-01,2.18e+00,
906,6.20e-01,2.22e+00,
907,6.60e-01,2.16e+00,
908,6.60e-01,2.16e+00,
909,6.00e-01,2.22e+00,
910,6.60e-01,2.18e+00,
911,6.20e-01,2.24e+00,
912,6.60e-01,2.18e+00,
913,6.20e-01,2.24e+00,
914,6.60e-01,2.22e+00,
915,6.20e-01,2.18e+00,
916,6.60e-01,2.22e+00,
917,6.20e-01,2.16e+00,
918,6.60e-01,2.16e+00,
919,6.00e-01,2.22e+00,
920,6.60e-01,2.18e+00,
921,6.20e-01,2.24e+00,
922,6.60e-01,2.20e+00,
923,6.20e-01,2.24e+00,
924,6.60e-01,2.22e+00,
925,6.20e-01,2.18e+00,
926,6.20e-01,2.22e+00,
927,6.80e-01,2.16e+00,
928,6.80e-01,2.16e+00,
929,6.20e-01,2.22e+00,
930,6.80e-01,2.18e+00,
931,6.20e-01,2.24e+00,
932,6.80e-01,2.20e+00,
933,6.40e-01,2.24e+00,
934,6.80e-01,2.22e+00,
935,6.40e-01,2.18e+00,
936,6.80e-01,2.22e+00,
937,6.40e-01,2.16e+00,
938,6.80e-01,2.16e+00,
939,6.20e-01,2.22e+00,
940,6.80e-01,2.18e+00,
941,6.40e-01,2.24e+00,
942,6.40e-01,2.24e+00,
943,6.80e-01,2.18e+00,
944,6.80e-01,2.24e+00,
945,6.20e-01,2.18e+00,
946,6.80e-01,2.22e+00,
947,6.40e-01,2.16e+00,
948,6.80e-01,2.16e+00,
949,6.20e-01,2.22e+00,
950,6.80e-01,2.18e+00,
951,6.40e-01,2.24e+00,
952,6.80e-01,2.24e+00,
953,6.40e-01,2.20e+00,
954,6.80e-01,2.22e+00,
955,6.20e-01,2.18e+00,
956,6.40e-01,2.22e+00,
957,7.00e-01,2.16e+00,
958,6.80e-01,2.16e+00,
959,6.20e-01,2.22e+00,
960,6.40e-01,2.18e+00,
961,7.00e-01,2.24e+00,
962,7.00e-01,2.20e+00,
963,6.40e-01,2.24e+00,
964,7.00e-01,2.24e+00,
965,6.40e-01,2.18e+00,
966,6.60e-01,2.22e+00,
967,7.00e-01,2.16e+00,
968,7.00e-01,2.22e+00,
969,6.40e-01,2.16e+00,
970,7.00e-01,2.18e+00,
971,6.60e-01,2.24e+00,
972,7.00e-01,2.20e+00,
973,6.60e-01,2.24e+00,
974,7.00e-01,2.22e+00,
975,6.60e-01,2.18e+00,
976,7.00e-01,2.18e+00,
977,6.60e-01,2.22e+00,
978,7.20e-01,2.16e+00,
979,6.60e-01,2.22e+00,
980,7.00e-01,2.18e+00,
981,6.60e-01,2.24e+00,
982,7.00e-01,2.20e+00,
983,6.60e-01,2.24e+00,
984,7.00e-01,2.22e+00,
985,6.60e-01,2.18e+00,
986,7.00e-01,2.20e+00,
987,6.60e-01,2.16e+00,
988,7.00e-01,2.16e+00,
989,6.60e-01,2.22e+00,
990,7.00e-01,2.18e+00,
991,6.60e-01,2.24e+00,
992,7.00e-01,2.20e+00,
993,6.60e-01,2.24e+00,
994,7.00e-01,2.22e+00,
995,6.40e-01,2.18e+00,
996,7.00e-01,2.22e+00,
997,6.60e-01,2.16e+00,
998,6.60e-01,2.16e+00,
999,7.00e-01,2.22e+00,
1000,6.60e-01,2.18e+00,
1001,7.20e-01,2.24e+00,
1002,7.20e-01,2.20e+00,
1003,6.60e-01,2.24e+00,
1004,7.20e-01,2.22e+00,
1005,6.60e-01,2.18e+00,
1006,7.20e-01,2.22e+00,
1007,6.60e-01,2.16e+00,
1008,7.20e-01,2.16e+00,
1009,6.80e-01,2.22e+00,
1010,6.80e-01,2.18e+00,
1011,7.40e-01,2.22e+00,
1012,6.80e-01,2.20e+00,
1013,7.20e-01,2.24e+00,
1014,7.40e-01,2.22e+00,
1015,6.60e-01,2.18e+00,
1016,7.00e-01,2.22e+00,
1017,6.60e-01,2.16e+00,
1018,7.00e-01,2.16e+00,
1019,6.60e-01,2.22e+00,
1020,7.00e-01,2.18e+00,
1021,6.60e-01,2.24e+00,
1022,7.00e-01,2.20e+00,
1023,6.60e-01,2.24e+00,
1024,7.00e-01,2.24e+00,
1025,6.60e-01,2.18e+00,
1026,6.60e-01,2.22e+00,
1027,7.20e-01,2.16e+00,
1028,7.00e-01,2.16e+00,
1029,6.40e-01,2.22e+00,
1030,7.00e-01,2.18e+00,
1031,6.60e-01,2.24e+00,
1032,7.00e-01,2.20e+00,
1033,6.60e-01,2.24e+00,
1034,7.00e-01,2.24e+00,
1035,6.60e-01,2.18e+00,
1036,7.00e-01,2.22e+00,
1037,6.60e-01,2.16e+00,
1038,7.00e-01,2.16e+00,
1039,6.60e-01,2.22e+00,
1040,7.00e-01,2.18e+00,
1041,6.60e-01,2.24e+00,
1042,7.00e-01,2.24e+00,
1043,6.60e-01,2.18e+00,
1044,7.00e-01,2.18e+00,
1045,6.60e-01,2.24e+00,
1046,6.60e-01,2.22e+00,
1047,7.20e-01,2.16e+00,
1048,7.00e-01,2.16e+00,
1049,6.60e-01,2.22e+00,
1050,6.60e-01,2.18e+00,
1051,7.00e-01,2.24e+00,
1052,7.00e-01,2.24e+00,
1053,6.60e-01,2.18e+00,
1054,7.00e-01,2.24e+00,
1055,6.40e-01,2.18e+00,
1056,6.80e-01,2.16e+00,
1057,7.20e-01,2.22e+00,
1058,6.60e-01,2.16e+00,
1059,7.40e-01,2.22e+00,
1060,6.80e-01,2.18e+00,
1061,7.20e-01,2.24e+00,
1062,6.80e-01,2.24e+00,
1063,7.40e-01,2.18e+00,
1064,6.60e-01,2.22e+00,
1065,7.40e-01,2.18e+00,
1066,6.80e-01,2.22e+00,
1067,7.40e-01,2.16e+00,
1068,7.20e-01,2.16e+00,
1069,6.60e-01,2.22e+00,
1070,6.80e-01,2.18e+00,
1071,7.40e-01,2.24e+00,
1072,6.80e-01,2.20e+00,
1073,7.40e-01,2.24e+00,
1074,6.80e-01,2.22e+00,
1075,7.40e-01,2.18e+00,
1076,6.80e-01,2.22e+00,
1077,7.40e-01,2.16e+00,
1078,7.40e-01,2.16e+00,
1079,6.80e-01,2.22e+00,
1080,7.40e-01,2.22e+00,
1081,7.00e-01,2.18e+00,
1082,7.40e-01,2.20e+00,
1083,6.80e-01,2.24e+00,
1084,7.40e-01,2.24e+00,
1085,6.60e-01,2.18e+00,
1086,7.00e-01,2.22e+00,
1087,7.40e-01,2.16e+00,
1088,6.80e-01,2.16e+00,
1089,7.40e-01,2.22e+00,
1090,7.00e-01,2.18e+00,
1091,7.40e-01,2.24e+00,
1092,7.60e-01,2.20e+00,
1093,6.80e-01,2.24e+00,
1094,6.80e-01,2.22e+00,
1095,7.60e-01,2.18e+00,
1096,7.00e-01,2.22e+00,
1097,7.40e-01,2.16e+00,
1098,7.60e-01,2.16e+00,
1099,6.80e-01,2.22e+00,
1100,6.80e-01,2.18e+00,
1101,7.40e-01,2.24e+00,
1102,7.60e-01,2.24e+00,
1103,6.80e-01,2.18e+00,
1104,7.60e-01,2.18e+00,
1105,7.00e-01,2.24e+00,
1106,7.60e-01,2.22e+00,
1107,7.00e-01,2.16e+00,
1108,7.60e-01,2.16e+00,
1109,7.00e-01,2.22e+00,
1110,7.20e-01,2.18e+00,
1111,7.60e-01,2.24e+00,
1112,7.20e-01,2.20e+00,
1113,7.60e-01,2.24e+00,
1114,7.60e-01,2.22e+00,
1115,7.00e-01,2.18e+00,
1116,7.20e-01,2.22e+00,
1117,7.60e-01,2.16e+00,
1118,7.60e-01,2.16e+00,
1119,7.00e-01,2.22e+00,
1120,7.20e-01,2.18e+00,
1121,7.60e-01,2.24e+00,
1122,7.20e-01,2.24e+00,
1123,7.60e-01,2.18e+00,
1124,7.20e-01,2.22e+00,
1125,7.60e-01,2.18e+00,
1126,7.20e-01,2.22e+00,
1127,7.60e-01,2.16e+00,
1128,7.60e-01,2.16e+00,
1129,7.00e-01,2.22e+00,
1130,7.20e-01,2.18e+00,
1131,7.60e-01,2.24e+00,
1132,7.20e-01,2.24e+00,
1133,7.60e-01,2.20e+00,
1134,7.60e-01,2.24e+00,
1135,7.00e-01,2.18e+00,
1136,7.60e-01,2.16e+00,
1137,7.20e-01,2.22e+00,
1138,7.60e-01,2.16e+00,
1139,6.80e-01,2.22e+00,
1140,7.20e-01,2.18e+00,
1141,7.60e-01,2.24e+00,
1142,7.20e-01,2.20e+00,
1143,7.60e-01,2.24e+00,
1144,7.60e-01,2.18e+00,
1145,7.00e-01,2.24e+00,
1146,7.20e-01,2.22e+00,
1147,7.60e-01,2.16e+00,
1148,7.20e-01,2.16e+00,
1149,7.60e-01,2.22e+00,
1150,7.20e-01,2.18e+00,
1151,7.60e-01,2.24e+00,
1152,7.60e-01,2.24e+00,
1153,7.20e-01,2.18e+00,
1154,7.60e-01,2.24e+00,
1155,7.00e-01,2.18e+00,
1156,7.60e-01,2.22e+00,
1157,7.20e-01,2.16e+00,
1158,7.60e-01,2.16e+00,
1159,7.00e-01,2.22e+00,
1160,7.60e-01,2.22e+00,
1161,7.20e-01,2.18e+00,
1162,7.20e-01,2.24e+00,
1163,7.60e-01,2.18e+00,
1164,7.20e-01,2.22e+00,
1165,7.80e-01,2.18e+00,
1166,7.20e-01,2.16e+00,
1167,7.80e-01,2.22e+00,
1168,7.60e-01,2.16e+00,
1169,7.00e-01,2.22e+00,
1170,7.80e-01,2.18e+00,
1171,7.20e-01,2.24e+00,
1172,7.40e-01,2.24e+00,
1173,7.80e-01,2.18e+00,
1174,7.20e-01,2.22e+00,
1175,7.80e-01,2.18e+00,
1176,7.40e-01,2.22e+00,
1177,7.80e-01,2.16e+00,
1178,7.80e-01,2.16e+00,
1179,7.20e-01,2.22e+00,
1180,7.40e-01,2.18e+00,
1181,7.80e-01,2.24e+00,
1182,7.80e-01,2.24e+00,
1183,7.20e-01,2.18e+00,
1184,7.20e-01,2.22e+00,
1185,7.80e-01,2.18e+00,
1186,7.80e-01,2.22e+00,
1187,7.40e-01,2.16e+00,
1188,7.80e-01,2.16e+00,
1189,7.20e-01,2.22e+00,
1190,7.60e-01,2.18e+00,
1191,7.20e-01,2.24e+00,
1192,7.60e-01,2.24e+00,
1193,7.20e-01,2.18e+00,
1194,7.60e-01,2.22e+00,
1195,7.00e-01,2.18e+00,
1196,7.20e-01,2.22e+00,
1197,7.60e-01,2.16e+00,
1198,7.60e-01,2.22e+00,
1199,7.00e-01,2.16e+00,
