X,CH1,CH2,CH3,Start,Increment,
Sequence,Volt,Volt,Volt,4.460000e-01,2.000000e-03
0,-2.00e-02,2.00e-02,-1.40e+00,
1,-6.00e-02,-2.00e-02,-1.48e+00,
2,-2.00e-02,-6.00e-02,-1.40e+00,
3,-6.00e-02,4.00e-02,-1.48e+00,
4,-6.00e-02,-2.00e-02,-1.44e+00,
5,-2.00e-02,4.00e-02,-1.36e+00,
6,-2.00e-02,-2.00e-02,-1.32e+00,
7,-6.00e-02,4.00e-02,-1.48e+00,
8,-6.00e-02,4.00e-02,-1.40e+00,
9,0.00e+00,-2.00e-02,-1.48e+00,
10,-2.00e-02,-2.00e-02,-1.40e+00,
11,-6.00e-02,4.00e-02,-1.48e+00,
12,-6.00e-02,-2.00e-02,-1.48e+00,
13,0.00e+00,2.00e-02,-1.40e+00,
14,-2.00e-02,4.00e-02,-1.40e+00,
15,-6.00e-02,-4.00e-02,-1.48e+00,
16,-2.00e-02,2.00e-02,-1.40e+00,
17,-6.00e-02,-4.00e-02,-1.48e+00,
18,-2.00e-02,-4.00e-02,-1.40e+00,
19,-6.00e-02,4.00e-02,-1.48e+00,
20,-2.00e-02,-4.00e-02,-1.48e+00,
21,-6.00e-02,4.00e-02,-1.40e+00,
22,-6.00e-02,-2.00e-02,-1.48e+00,
23,2.00e-02,2.00e-02,-1.40e+00,
24,-6.00e-02,4.00e-02,-1.40e+00,
25,0.00e+00,-2.00e-02,-1.48e+00,
26,-2.00e-02,-2.00e-02,-1.40e+00,
27,-6.00e-02,2.00e-02,-1.48e+00,
28,-2.00e-02,-2.00e-02,-1.48e+00,
29,-6.00e-02,4.00e-02,-1.40e+00,
30,-2.00e-02,-2.00e-02,-1.40e+00,
31,-6.00e-02,4.00e-02,-1.48e+00,
32,-2.00e-02,-2.00e-02,-1.40e+00,
33,-8.00e-02,2.00e-02,-1.48e+00,
34,-6.00e-02,-2.00e-02,-1.44e+00,
35,0.00e+00,4.00e-02,-1.40e+00,
36,-6.00e-02,4.00e-02,-1.40e+00,
37,2.00e-02,-6.00e-02,-1.48e+00,
38,-2.00e-02,-2.00e-02,-1.40e+00,
39,-6.00e-02,4.00e-02,-1.48e+00,
40,-6.00e-02,2.00e-02,-1.40e+00,
41,0.00e+00,-2.00e-02,-1.48e+00,
42,-6.00e-02,2.00e-02,-1.40e+00,
43,0.00e+00,-6.00e-02,-1.48e+00,
44,-6.00e-02,4.00e-02,-1.44e+00,
45,0.00e+00,-2.00e-02,-1.36e+00,
46,-2.00e-02,-2.00e-02,-1.44e+00,
47,-6.00e-02,4.00e-02,-1.32e+00,
48,-6.00e-02,2.00e-02,-1.40e+00,
49,0.00e+00,-6.00e-02,-1.48e+00,
50,-2.00e-02,-2.00e-02,-1.48e+00,
51,-6.00e-02,4.00e-02,-1.40e+00,
52,-2.00e-02,2.00e-02,-1.40e+00,
53,-6.00e-02,-2.00e-02,-1.48e+00,
54,-6.00e-02,-2.00e-02,-1.40e+00,
55,0.00e+00,4.00e-02,-1.48e+00,
56,-6.00e-02,-2.00e-02,-1.40e+00,
57,0.00e+00,4.00e-02,-1.48e+00,
58,-8.00e-02,2.00e-02,-1.40e+00,
59,2.00e-02,-2.00e-02,-1.48e+00,
60,-6.00e-02,-2.00e-02,-1.48e+00,
61,2.00e-02,4.00e-02,-1.40e+00,
62,-6.00e-02,2.00e-02,-1.48e+00,
63,2.00e-02,-4.00e-02,-1.40e+00,
64,-6.00e-02,-2.00e-02,-1.40e+00,
65,2.00e-02,4.00e-02,-1.48e+00,
66,-6.00e-02,4.00e-02,-1.40e+00,
67,0.00e+00,-6.00e-02,-1.48e+00,
68,-6.00e-02,-2.00e-02,-1.40e+00,
69,0.00e+00,2.00e-02,-1.48e+00,
70,-2.00e-02,4.00e-02,-1.48e+00,
71,-6.00e-02,-4.00e-02,-1.40e+00,
72,-2.00e-02,-2.00e-02,-1.48e+00,
73,-8.00e-02,4.00e-02,-1.40e+00,
74,-6.00e-02,4.00e-02,-1.40e+00,
75,-2.00e-02,-6.00e-02,-1.48e+00,
76,-2.00e-02,-2.00e-02,-1.40e+00,
77,-6.00e-02,2.00e-02,-1.48e+00,
78,-6.00e-02,2.00e-02,-1.40e+00,
79,-2.00e-02,-4.00e-02,-1.48e+00,
80,-2.00e-02,2.00e-02,-1.48e+00,
81,-6.00e-02,-4.00e-02,-1.40e+00,
82,-2.00e-02,-2.00e-02,-1.48e+00,
83,-1.00e-01,4.00e-02,-1.40e+00,
84,-2.00e-02,2.00e-02,-1.44e+00,
85,-6.00e-02,-4.00e-02,-1.36e+00,
86,-2.00e-02,-2.00e-02,-1.40e+00,
87,-6.00e-02,2.00e-02,-1.48e+00,
88,-2.00e-02,-2.00e-02,-1.40e+00,
89,-6.00e-02,4.00e-02,-1.48e+00,
90,-2.00e-02,2.00e-02,-1.40e+00,
91,-6.00e-02,-4.00e-02,-1.48e+00,
92,-6.00e-02,2.00e-02,-1.40e+00,
93,-2.00e-02,-6.00e-02,-1.48e+00,
94,-6.00e-02,-2.00e-02,-1.44e+00,
95,-2.00e-02,4.00e-02,-1.32e+00,
96,-2.00e-02,-2.00e-02,-1.44e+00,
97,-6.00e-02,2.00e-02,-1.32e+00,
98,-6.00e-02,-2.00e-02,-1.44e+00,
99,-2.00e-02,2.02e+00,3.40e+00,
100,-6.00e-02,1.98e+00,3.36e+00,
101,2.00e-02,2.04e+00,3.48e+00,
102,-6.00e-02,1.96e+00,3.36e+00,
103,-2.00e-02,2.04e+00,3.48e+00,
104,-2.00e-02,1.96e+00,3.48e+00,
105,-6.00e-02,2.02e+00,3.60e+00,
106,-6.00e-02,1.96e+00,3.48e+00,
107,-2.00e-02,2.04e+00,3.60e+00,
108,-2.00e-02,1.96e+00,3.52e+00,
109,-6.00e-02,2.04e+00,3.44e+00,
110,-2.00e-02,1.96e+00,3.48e+00,
111,-6.00e-02,2.04e+00,3.36e+00,
112,-2.00e-02,1.96e+00,3.36e+00,
113,-8.00e-02,2.04e+00,3.48e+00,
114,-2.00e-02,1.96e+00,3.48e+00,
115,-6.00e-02,2.06e+00,3.32e+00,
116,-2.00e-02,2.04e+00,3.36e+00,
117,-6.00e-02,1.96e+00,3.28e+00,
118,-8.00e-02,2.04e+00,3.36e+00,
119,-2.00e-02,1.96e+00,3.12e+00,
120,-2.00e-02,2.02e+00,3.16e+00,
121,-8.00e-02,1.96e+00,3.08e+00,
122,-6.00e-02,1.96e+00,3.16e+00,
123,-2.00e-02,2.04e+00,3.08e+00,
124,-6.00e-02,1.96e+00,3.12e+00,
125,-2.00e-02,2.04e+00,3.28e+00,
126,-2.00e-02,1.94e+00,3.36e+00,
127,-8.00e-02,2.04e+00,3.20e+00,
128,-2.00e-02,2.02e+00,3.28e+00,
129,-8.00e-02,1.94e+00,2.88e+00,
130,-2.00e-02,2.04e+00,2.88e+00,
131,-8.00e-02,1.96e+00,3.00e+00,
132,-8.00e-02,2.04e+00,2.88e+00,
133,-2.00e-02,1.96e+00,3.00e+00,
134,-8.00e-02,2.04e+00,3.04e+00,
135,-2.00e-02,1.96e+00,2.80e+00,
136,-8.00e-02,2.04e+00,2.88e+00,
137,-2.00e-02,1.96e+00,2.76e+00,
138,-2.00e-02,1.96e+00,2.76e+00,
139,-8.00e-02,2.02e+00,2.92e+00,
140,-2.00e-02,2.02e+00,2.92e+00,
141,-8.00e-02,1.96e+00,2.84e+00,
142,-8.00e-02,2.02e+00,2.92e+00,
143,-2.00e-02,1.96e+00,2.72e+00,
144,-2.00e-02,1.96e+00,2.72e+00,
145,-8.00e-02,2.02e+00,2.60e+00,
146,-2.00e-02,1.96e+00,2.68e+00,
147,-8.00e-02,2.04e+00,2.60e+00,
148,-8.00e-02,2.04e+00,2.56e+00,
149,-2.00e-02,1.96e+00,2.72e+00,
150,-8.00e-02,1.96e+00,2.72e+00,
151,-2.00e-02,2.04e+00,2.64e+00,
152,-8.00e-02,2.02e+00,2.72e+00,
153,-2.00e-02,1.96e+00,2.60e+00,
154,-1.00e-01,2.02e+00,2.56e+00,
155,-2.00e-02,1.94e+00,2.48e+00,
156,-8.00e-02,1.96e+00,2.56e+00,
157,-2.00e-02,2.04e+00,2.44e+00,
158,-8.00e-02,2.04e+00,2.56e+00,
159,-2.00e-02,1.96e+00,2.36e+00,
160,-6.00e-02,2.02e+00,2.44e+00,
161,-2.00e-02,1.96e+00,2.36e+00,
162,-2.00e-02,2.04e+00,2.40e+00,
163,-8.00e-02,1.96e+00,2.48e+00,
164,-6.00e-02,1.96e+00,2.48e+00,
165,-2.00e-02,2.04e+00,2.32e+00,
166,-2.00e-02,2.04e+00,2.36e+00,
167,-8.00e-02,1.96e+00,2.28e+00,
168,-2.00e-02,1.96e+00,2.36e+00,
169,-8.00e-02,2.04e+00,2.24e+00,
170,-6.00e-02,1.96e+00,2.32e+00,
171,-2.00e-02,2.04e+00,2.20e+00,
172,-2.00e-02,2.04e+00,2.32e+00,
173,-1.00e-01,1.96e+00,2.20e+00,
174,-6.00e-02,2.02e+00,2.32e+00,
175,-2.00e-02,1.96e+00,2.16e+00,
176,-2.00e-02,1.96e+00,2.20e+00,
177,-8.00e-02,2.04e+00,2.12e+00,
178,-6.00e-02,2.04e+00,2.16e+00,
179,-2.00e-02,1.96e+00,2.24e+00,
180,-6.00e-02,1.96e+00,2.24e+00,
181,-2.00e-02,2.04e+00,2.16e+00,
182,-2.00e-02,1.96e+00,2.24e+00,
183,-8.00e-02,2.04e+00,2.20e+00,
184,-6.00e-02,1.96e+00,2.24e+00,
185,0.00e+00,2.04e+00,2.04e+00,
186,-2.00e-02,2.02e+00,2.04e+00,
187,-6.00e-02,1.96e+00,2.12e+00,
188,-6.00e-02,1.96e+00,1.96e+00,
189,0.00e+00,2.04e+00,2.12e+00,
190,2.00e-02,2.04e+00,2.04e+00,
191,-6.00e-02,1.96e+00,2.12e+00,
192,2.00e-02,2.04e+00,2.04e+00,
193,-6.00e-02,1.96e+00,2.12e+00,
194,2.00e-02,1.96e+00,2.12e+00,
195,-4.00e-02,2.04e+00,1.92e+00,
196,2.00e-02,2.02e+00,1.96e+00,
197,-4.00e-02,1.94e+00,1.84e+00,
198,4.00e-02,1.96e+00,1.84e+00,
199,-2.00e-02,2.02e+00,1.96e+00,
200,0.00e+00,2.02e+00,1.96e+00,
201,4.00e-02,1.96e+00,1.84e+00,
202,4.00e-02,1.96e+00,2.00e+00,
203,-2.00e-02,2.04e+00,1.80e+00,
204,0.00e+00,1.96e+00,1.84e+00,
205,6.00e-02,2.04e+00,1.72e+00,
206,8.00e-02,2.04e+00,1.72e+00,
207,2.00e-02,1.96e+00,1.84e+00,
208,2.00e-02,2.04e+00,1.80e+00,
209,1.00e-01,1.94e+00,1.64e+00,
210,1.00e-01,2.04e+00,1.68e+00,
211,4.00e-02,1.96e+00,1.72e+00,
212,1.00e-01,1.96e+00,1.72e+00,
213,6.00e-02,2.04e+00,1.56e+00,
214,1.20e-01,1.96e+00,1.60e+00,
215,6.00e-02,2.04e+00,1.48e+00,
216,1.40e-01,2.02e+00,1.48e+00,
217,6.00e-02,1.96e+00,1.56e+00,
218,8.00e-02,2.04e+00,1.52e+00,
219,1.60e-01,1.96e+00,1.36e+00,
220,1.20e-01,1.96e+00,1.40e+00,
221,1.60e-01,2.04e+00,1.32e+00,
222,1.80e-01,2.04e+00,1.36e+00,
223,1.20e-01,1.96e+00,1.44e+00,
224,1.40e-01,2.04e+00,1.36e+00,
225,2.00e-01,1.96e+00,1.52e+00,
226,2.20e-01,2.04e+00,1.48e+00,
227,1.40e-01,1.96e+00,1.60e+00,
228,1.80e-01,1.96e+00,1.44e+00,
229,2.40e-01,2.04e+00,1.56e+00,
230,2.00e-01,1.96e+00,1.56e+00,
231,2.60e-01,2.04e+00,1.64e+00,
232,2.00e-01,2.02e+00,1.64e+00,
233,2.80e-01,1.96e+00,1.56e+00,
234,2.20e-01,1.96e+00,1.60e+00,
235,3.00e-01,2.04e+00,1.76e+00,
236,2.60e-01,1.96e+00,1.76e+00,
237,3.00e-01,2.04e+00,1.68e+00,
238,2.60e-01,2.04e+00,1.76e+00,
239,3.40e-01,1.96e+00,1.60e+00,
240,2.80e-01,1.96e+00,1.60e+00,
241,3.60e-01,2.04e+00,1.72e+00,
242,3.60e-01,2.04e+00,1.60e+00,
243,3.00e-01,1.96e+00,1.88e+00,
244,3.40e-01,1.94e+00,1.84e+00,
245,3.80e-01,2.02e+00,1.96e+00,
246,3.40e-01,1.96e+00,1.84e+00,
247,4.20e-01,2.02e+00,1.96e+00,
248,3.80e-01,2.02e+00,1.84e+00,
249,4.40e-01,1.96e+00,2.04e+00,
250,4.00e-01,2.02e+00,1.96e+00,
251,4.40e-01,1.96e+00,2.08e+00,
252,3.80e-01,2.02e+00,2.08e+00,
253,4.80e-01,1.96e+00,1.84e+00,
254,4.20e-01,2.02e+00,1.88e+00,
255,5.00e-01,1.96e+00,1.80e+00,
256,4.60e-01,1.96e+00,1.88e+00,
257,5.00e-01,2.04e+00,1.80e+00,
258,4.80e-01,2.04e+00,1.88e+00,
259,5.40e-01,1.96e+00,1.80e+00,
260,4.80e-01,2.04e+00,1.80e+00,
261,5.60e-01,1.96e+00,2.08e+00,
262,5.20e-01,2.04e+00,2.08e+00,
263,5.80e-01,1.96e+00,1.92e+00,
264,5.40e-01,2.02e+00,1.96e+00,
265,6.00e-01,1.96e+00,1.84e+00,
266,5.80e-01,1.96e+00,1.88e+00,
267,6.20e-01,2.04e+00,1.80e+00,
268,5.80e-01,2.04e+00,1.88e+00,
269,6.40e-01,1.96e+00,1.80e+00,
270,6.00e-01,1.96e+00,1.80e+00,
271,6.40e-01,2.02e+00,2.00e+00,
272,6.00e-01,1.96e+00,1.92e+00,
273,6.80e-01,2.04e+00,2.00e+00,
274,6.20e-01,2.04e+00,1.92e+00,
275,7.00e-01,1.96e+00,2.04e+00,
276,7.00e-01,1.94e+00,2.08e+00,
277,6.60e-01,2.04e+00,1.96e+00,
278,6.80e-01,1.96e+00,1.96e+00,
279,7.40e-01,2.04e+00,2.08e+00,
280,6.80e-01,1.96e+00,2.00e+00,
281,7.60e-01,2.04e+00,1.96e+00,
282,7.60e-01,1.96e+00,2.00e+00,
283,7.20e-01,2.02e+00,1.92e+00,
284,7.20e-01,2.04e+00,1.92e+00,
285,8.00e-01,1.96e+00,2.00e+00,
286,7.40e-01,1.96e+00,1.96e+00,
287,8.20e-01,2.04e+00,1.88e+00,
288,7.80e-01,1.96e+00,1.84e+00,
289,8.40e-01,2.04e+00,2.08e+00,
290,8.00e-01,1.96e+00,2.08e+00,
291,8.40e-01,2.02e+00,1.96e+00,
292,8.80e-01,1.96e+00,2.08e+00,
293,8.00e-01,2.04e+00,1.88e+00,
294,8.40e-01,1.96e+00,1.88e+00,
295,9.00e-01,2.04e+00,1.80e+00,
296,8.40e-01,2.04e+00,1.84e+00,
297,9.00e-01,1.96e+00,1.76e+00,
298,8.60e-01,1.96e+00,1.72e+00,
299,9.40e-01,2.04e+00,1.96e+00,
300,9.40e-01,1.96e+00,1.96e+00,
301,8.80e-01,2.04e+00,1.84e+00,
302,9.00e-01,1.96e+00,1.96e+00,
303,9.60e-01,2.04e+00,1.80e+00,
304,9.20e-01,1.96e+00,1.72e+00,
305,1.00e+00,2.04e+00,1.84e+00,
306,9.20e-01,1.96e+00,1.76e+00,
307,1.00e+00,2.02e+00,1.72e+00,
308,9.40e-01,1.96e+00,1.76e+00,
309,1.02e+00,2.02e+00,1.68e+00,
310,9.80e-01,1.96e+00,1.68e+00,
311,1.02e+00,2.04e+00,1.84e+00,
312,9.80e-01,1.96e+00,1.84e+00,
313,1.06e+00,2.04e+00,1.68e+00,
314,1.00e+00,1.96e+00,1.68e+00,
315,1.08e+00,2.04e+00,1.76e+00,
316,1.04e+00,1.96e+00,1.68e+00,
317,1.08e+00,2.04e+00,1.72e+00,
318,1.04e+00,1.96e+00,1.72e+00,
319,1.10e+00,2.02e+00,1.60e+00,
320,1.06e+00,1.96e+00,1.60e+00,
321,1.14e+00,2.04e+00,1.76e+00,
322,1.06e+00,2.04e+00,1.76e+00,
323,1.14e+00,1.96e+00,1.60e+00,
324,1.10e+00,1.96e+00,1.60e+00,
325,1.16e+00,2.04e+00,1.72e+00,
326,1.10e+00,2.04e+00,1.72e+00,
327,1.16e+00,1.96e+00,1.60e+00,
328,1.12e+00,2.02e+00,1.64e+00,
329,1.20e+00,1.96e+00,1.56e+00,
330,1.12e+00,2.04e+00,1.56e+00,
331,1.20e+00,1.96e+00,1.64e+00,
332,1.14e+00,1.96e+00,1.64e+00,
333,1.22e+00,2.04e+00,1.56e+00,
334,1.18e+00,1.96e+00,1.64e+00,
335,1.22e+00,2.04e+00,1.56e+00,
336,1.26e+00,1.96e+00,1.64e+00,
337,1.18e+00,2.04e+00,1.56e+00,
338,1.20e+00,2.02e+00,1.64e+00,
339,1.28e+00,1.96e+00,1.48e+00,
340,1.22e+00,1.96e+00,1.52e+00,
341,1.28e+00,2.04e+00,1.44e+00,
342,1.28e+00,1.96e+00,1.52e+00,
343,1.20e+00,2.04e+00,1.44e+00,
344,1.26e+00,2.02e+00,1.44e+00,
345,1.32e+00,1.96e+00,1.52e+00,
346,1.26e+00,1.96e+00,1.52e+00,
347,1.32e+00,2.04e+00,1.44e+00,
348,1.30e+00,1.96e+00,1.52e+00,
349,1.34e+00,2.04e+00,1.36e+00,
350,1.30e+00,1.96e+00,1.36e+00,
351,1.36e+00,2.04e+00,1.48e+00,
352,1.36e+00,2.02e+00,1.48e+00,
353,1.30e+00,1.96e+00,1.36e+00,
354,1.32e+00,2.04e+00,1.40e+00,
355,1.40e+00,1.96e+00,1.32e+00,
356,1.40e+00,1.96e+00,1.32e+00,
357,1.32e+00,2.04e+00,1.40e+00,
358,1.36e+00,2.02e+00,1.40e+00,
359,1.42e+00,1.96e+00,1.28e+00,
360,1.38e+00,1.96e+00,1.36e+00,
361,1.42e+00,2.04e+00,1.24e+00,
362,1.38e+00,1.96e+00,1.40e+00,
363,1.44e+00,2.02e+00,1.24e+00,
364,1.40e+00,2.04e+00,1.28e+00,
365,1.46e+00,1.96e+00,1.20e+00,
366,1.40e+00,2.04e+00,1.28e+00,
367,1.48e+00,1.94e+00,1.20e+00,
368,1.44e+00,1.96e+00,1.28e+00,
369,1.48e+00,2.04e+00,1.20e+00,
370,1.44e+00,2.02e+00,1.28e+00,
371,1.50e+00,1.96e+00,1.20e+00,
372,1.46e+00,1.96e+00,1.24e+00,
373,1.52e+00,2.02e+00,1.36e+00,
374,1.54e+00,2.02e+00,1.24e+00,
375,1.46e+00,1.96e+00,1.32e+00,
376,1.54e+00,2.04e+00,1.28e+00,
377,1.50e+00,1.96e+00,1.20e+00,
378,1.56e+00,2.04e+00,1.28e+00,
379,1.50e+00,1.96e+00,1.20e+00,
380,1.52e+00,1.96e+00,1.20e+00,
381,1.60e+00,2.04e+00,1.28e+00,
382,1.60e+00,1.96e+00,1.20e+00,
383,1.52e+00,2.04e+00,1.28e+00,
384,1.56e+00,1.96e+00,1.20e+00,
385,1.62e+00,2.04e+00,1.28e+00,
386,1.62e+00,1.96e+00,1.20e+00,
387,1.56e+00,2.04e+00,1.28e+00,
388,1.58e+00,1.96e+00,1.24e+00,
389,1.66e+00,2.04e+00,1.08e+00,
390,1.66e+00,1.96e+00,1.16e+00,
391,1.60e+00,2.04e+00,1.00e+00,
392,1.60e+00,2.02e+00,1.08e+00,
393,1.68e+00,1.94e+00,1.16e+00,
394,1.68e+00,1.96e+00,1.08e+00,
395,1.64e+00,2.02e+00,1.20e+00,
396,1.64e+00,1.96e+00,1.16e+00,
397,1.72e+00,2.02e+00,1.08e+00,
398,1.66e+00,1.96e+00,1.16e+00,
399,1.72e+00,2.04e+00,1.08e+00,
400,1.72e+00,1.96e+00,1.00e+00,
401,1.66e+00,2.04e+00,1.12e+00,
402,1.74e+00,2.02e+00,1.16e+00,
403,1.68e+00,1.96e+00,1.00e+00,
404,1.70e+00,1.96e+00,1.00e+00,
405,1.74e+00,2.04e+00,1.08e+00,
406,1.70e+00,1.96e+00,1.00e+00,
407,1.76e+00,2.04e+00,1.04e+00,
408,1.72e+00,2.02e+00,9.60e-01,
409,1.78e+00,1.96e+00,1.08e+00,
410,1.72e+00,1.96e+00,1.00e+00,
411,1.78e+00,2.04e+00,1.08e+00,
412,1.74e+00,1.96e+00,1.00e+00,
413,1.80e+00,2.02e+00,1.08e+00,
414,1.80e+00,1.96e+00,1.00e+00,
415,1.76e+00,2.04e+00,1.08e+00,
416,1.76e+00,2.04e+00,1.08e+00,
417,1.80e+00,1.94e+00,1.00e+00,
418,1.82e+00,1.96e+00,1.08e+00,
419,1.76e+00,2.04e+00,9.60e-01,
420,1.82e+00,1.96e+00,1.00e+00,
421,1.78e+00,2.04e+00,1.04e+00,
422,1.78e+00,1.96e+00,1.00e+00,
423,1.86e+00,2.04e+00,1.08e+00,
424,1.78e+00,1.96e+00,1.00e+00,
425,1.86e+00,2.04e+00,1.08e+00,
426,1.86e+00,2.04e+00,1.00e+00,
427,1.80e+00,1.96e+00,1.08e+00,
428,1.82e+00,2.04e+00,1.04e+00,
429,1.86e+00,1.96e+00,9.20e-01,
430,1.80e+00,1.96e+00,1.04e+00,
431,1.88e+00,2.04e+00,9.20e-01,
432,1.82e+00,1.96e+00,1.04e+00,
433,1.88e+00,2.04e+00,9.60e-01,
434,1.88e+00,2.04e+00,1.00e+00,
435,1.84e+00,1.94e+00,1.08e+00,
436,1.84e+00,2.02e+00,1.08e+00,
437,1.92e+00,1.96e+00,9.60e-01,
438,1.86e+00,1.96e+00,1.04e+00,
439,1.92e+00,2.02e+00,9.20e-01,
440,1.86e+00,2.04e+00,1.04e+00,
441,1.92e+00,1.96e+00,8.80e-01,
442,1.86e+00,1.96e+00,9.60e-01,
443,1.94e+00,2.02e+00,8.80e-01,
444,1.86e+00,2.04e+00,9.20e-01,
445,1.94e+00,1.96e+00,1.04e+00,
446,1.90e+00,2.02e+00,1.04e+00,
447,1.94e+00,1.96e+00,9.20e-01,
448,1.94e+00,1.96e+00,1.00e+00,
449,1.90e+00,2.04e+00,8.80e-01,
450,1.90e+00,1.96e+00,9.60e-01,
451,1.98e+00,2.04e+00,8.80e-01,
452,1.98e+00,1.98e+00,8.80e-01,
453,1.90e+00,2.04e+00,9.60e-01,
454,1.92e+00,1.96e+00,9.60e-01,
455,2.00e+00,2.04e+00,8.80e-01,
456,2.00e+00,2.04e+00,9.60e-01,
457,1.92e+00,1.94e+00,8.80e-01,
458,1.96e+00,2.02e+00,9.60e-01,
459,2.02e+00,1.96e+00,8.00e-01,
460,1.96e+00,1.96e+00,8.00e-01,
461,2.02e+00,2.04e+00,9.20e-01,
462,1.96e+00,2.04e+00,8.40e-01,
463,2.02e+00,1.96e+00,9.20e-01,
464,1.98e+00,2.04e+00,9.20e-01,
465,2.02e+00,1.94e+00,8.00e-01,
466,2.02e+00,1.96e+00,9.20e-01,
467,1.98e+00,2.04e+00,8.00e-01,
468,1.98e+00,2.04e+00,9.20e-01,
469,2.06e+00,1.96e+00,7.60e-01,
470,2.06e+00,2.04e+00,7.60e-01,
471,2.00e+00,1.96e+00,8.40e-01,
472,2.06e+00,1.96e+00,8.40e-01,
473,2.00e+00,2.04e+00,7.60e-01,
474,2.06e+00,2.04e+00,8.40e-01,
475,2.02e+00,1.96e+00,7.60e-01,
476,2.06e+00,1.96e+00,8.40e-01,
477,2.02e+00,2.04e+00,7.60e-01,
478,2.08e+00,1.94e+00,7.60e-01,
479,2.02e+00,2.04e+00,8.40e-01,
480,2.04e+00,1.96e+00,8.00e-01,
481,2.08e+00,2.04e+00,7.60e-01,
482,2.04e+00,2.02e+00,7.60e-01,
483,2.08e+00,1.96e+00,8.40e-01,
484,2.08e+00,1.96e+00,7.60e-01,
485,2.04e+00,2.02e+00,8.40e-01,
486,2.08e+00,1.96e+00,7.60e-01,
487,2.04e+00,2.04e+00,8.40e-01,
488,2.04e+00,1.96e+00,8.40e-01,
489,2.12e+00,2.04e+00,7.20e-01,
490,2.10e+00,2.04e+00,8.00e-01,
491,2.06e+00,1.96e+00,6.80e-01,
492,2.04e+00,1.96e+00,7.20e-01,
493,2.12e+00,2.04e+00,8.00e-01,
494,2.12e+00,1.96e+00,7.60e-01,
495,2.06e+00,2.04e+00,8.40e-01,
496,2.12e+00,1.96e+00,8.40e-01,
497,2.06e+00,2.04e+00,7.20e-01,
498,2.12e+00,1.96e+00,8.00e-01,
499,2.06e+00,2.04e+00,6.80e-01,
500,2.06e+00,1.96e+00,8.00e-01,
501,2.12e+00,2.04e+00,6.80e-01,
502,2.08e+00,1.96e+00,8.00e-01,
503,2.14e+00,2.04e+00,6.80e-01,
504,2.08e+00,2.04e+00,8.00e-01,
505,2.14e+00,1.96e+00,6.80e-01,
506,2.14e+00,1.96e+00,8.00e-01,
507,2.06e+00,2.04e+00,6.80e-01,
508,2.14e+00,1.96e+00,8.00e-01,
509,2.10e+00,2.02e+00,6.40e-01,
510,2.14e+00,1.96e+00,7.20e-01,
511,2.10e+00,2.04e+00,6.40e-01,
512,2.14e+00,1.96e+00,6.80e-01,
513,2.10e+00,2.02e+00,7.60e-01,
514,2.10e+00,1.96e+00,6.80e-01,
515,2.18e+00,2.04e+00,8.00e-01,
516,2.14e+00,2.04e+00,6.80e-01,
517,2.10e+00,1.96e+00,8.00e-01,
518,2.10e+00,1.96e+00,7.20e-01,
519,2.18e+00,2.04e+00,6.40e-01,
520,2.18e+00,1.96e+00,6.40e-01,
521,2.10e+00,2.04e+00,7.20e-01,
522,2.10e+00,1.96e+00,6.40e-01,
523,2.18e+00,2.04e+00,7.20e-01,
524,2.12e+00,1.96e+00,7.20e-01,
525,2.18e+00,2.04e+00,6.40e-01,
526,2.12e+00,2.02e+00,7.20e-01,
527,2.18e+00,1.94e+00,6.40e-01,
528,2.12e+00,2.02e+00,6.40e-01,
529,2.18e+00,1.96e+00,7.20e-01,
530,2.18e+00,2.04e+00,6.80e-01,
531,2.12e+00,1.96e+00,6.00e-01,
532,2.12e+00,2.02e+00,6.40e-01,
533,2.18e+00,1.96e+00,7.20e-01,
534,2.20e+00,1.96e+00,6.40e-01,
535,2.12e+00,2.04e+00,7.20e-01,
536,2.20e+00,1.96e+00,6.40e-01,
537,2.12e+00,2.04e+00,7.20e-01,
538,2.16e+00,2.02e+00,6.80e-01,
539,2.20e+00,1.94e+00,5.60e-01,
540,2.16e+00,1.96e+00,6.80e-01,
541,2.20e+00,2.04e+00,5.60e-01,
542,2.20e+00,2.02e+00,6.80e-01,
543,2.12e+00,1.96e+00,6.00e-01,
544,2.20e+00,1.96e+00,6.00e-01,
545,2.12e+00,2.04e+00,6.80e-01,
546,2.20e+00,1.96e+00,6.80e-01,
547,2.16e+00,2.04e+00,5.60e-01,
548,2.20e+00,1.96e+00,6.80e-01,
549,2.14e+00,2.04e+00,5.60e-01,
550,2.16e+00,2.02e+00,5.60e-01,
551,2.22e+00,1.94e+00,6.80e-01,
552,2.16e+00,2.04e+00,5.60e-01,
553,2.20e+00,1.96e+00,6.80e-01,
554,2.20e+00,1.96e+00,6.80e-01,
555,2.16e+00,2.04e+00,5.60e-01,
556,2.16e+00,1.96e+00,6.80e-01,
557,2.22e+00,2.04e+00,5.60e-01,
558,2.24e+00,2.02e+00,5.60e-01,
559,2.16e+00,1.96e+00,6.80e-01,
560,2.18e+00,1.96e+00,5.60e-01,
561,2.24e+00,2.02e+00,6.40e-01,
562,2.24e+00,2.02e+00,5.60e-01,
563,2.16e+00,1.96e+00,6.80e-01,
564,2.16e+00,1.96e+00,5.60e-01,
565,2.24e+00,2.04e+00,6.40e-01,
566,2.16e+00,1.96e+00,6.40e-01,
567,2.24e+00,2.04e+00,5.20e-01,
568,2.18e+00,1.96e+00,5.20e-01,
569,2.24e+00,2.04e+00,6.00e-01,
570,2.18e+00,2.04e+00,5.20e-01,
571,2.24e+00,1.96e+00,6.00e-01,
572,2.18e+00,1.96e+00,5.20e-01,
573,2.24e+00,2.02e+00,6.00e-01,
574,2.18e+00,1.96e+00,6.00e-01,
575,2.24e+00,2.04e+00,5.20e-01,
576,2.24e+00,1.96e+00,6.00e-01,
577,2.16e+00,2.04e+00,5.20e-01,
578,2.24e+00,1.96e+00,6.00e-01,
579,2.18e+00,2.04e+00,5.20e-01,
580,2.18e+00,2.04e+00,5.20e-01,
581,2.24e+00,1.96e+00,6.00e-01,
582,2.18e+00,2.04e+00,5.60e-01,
583,2.24e+00,1.96e+00,6.00e-01,
584,2.18e+00,1.96e+00,6.00e-01,
585,2.24e+00,2.04e+00,5.20e-01,
586,2.18e+00,1.96e+00,6.00e-01,
587,2.24e+00,2.04e+00,5.20e-01,
588,2.18e+00,1.96e+00,5.20e-01,
589,2.22e+00,2.04e+00,6.00e-01,
590,2.18e+00,2.04e+00,6.00e-01,
591,2.24e+00,1.96e+00,5.20e-01,
592,2.16e+00,1.96e+00,5.60e-01,
593,2.22e+00,2.04e+00,6.40e-01,
594,2.22e+00,1.94e+00,6.00e-01,
595,2.16e+00,2.04e+00,5.60e-01,
596,2.22e+00,2.04e+00,6.00e-01,
597,2.16e+00,1.96e+00,5.20e-01,
598,2.16e+00,1.96e+00,6.00e-01,
599,2.24e+00,2.02e+00,5.20e-01,
600,2.16e+00,2.04e+00,5.20e-01,
601,2.22e+00,1.96e+00,6.00e-01,
602,2.16e+00,2.04e+00,6.00e-01,
603,2.20e+00,1.96e+00,5.60e-01,
604,2.20e+00,2.04e+00,5.60e-01,
605,2.16e+00,1.96e+00,6.80e-01,
606,2.16e+00,2.04e+00,5.60e-01,
607,2.20e+00,1.96e+00,6.40e-01,
608,2.20e+00,2.02e+00,6.00e-01,
609,2.16e+00,1.96e+00,5.60e-01,
610,2.20e+00,1.96e+00,6.00e-01,
611,2.16e+00,2.02e+00,5.20e-01,
612,2.16e+00,1.96e+00,5.60e-01,
613,2.20e+00,2.04e+00,6.80e-01,
614,2.16e+00,1.96e+00,6.80e-01,
615,2.20e+00,2.04e+00,5.60e-01,
616,2.20e+00,1.96e+00,6.80e-01,
617,2.16e+00,2.04e+00,5.60e-01,
618,2.20e+00,1.96e+00,5.60e-01,
619,2.16e+00,2.04e+00,6.80e-01,
620,2.16e+00,1.96e+00,6.00e-01,
621,2.20e+00,2.04e+00,5.20e-01,
622,2.20e+00,1.96e+00,5.60e-01,
623,2.14e+00,2.04e+00,6.40e-01,
624,2.20e+00,1.96e+00,6.80e-01,
625,2.16e+00,2.04e+00,5.60e-01,
626,2.20e+00,1.94e+00,6.80e-01,
627,2.12e+00,2.02e+00,5.60e-01,
628,2.20e+00,2.04e+00,6.40e-01,
629,2.16e+00,1.96e+00,5.20e-01,
630,2.16e+00,1.96e+00,6.00e-01,
631,2.20e+00,2.04e+00,5.20e-01,
632,2.20e+00,1.96e+00,6.00e-01,
633,2.12e+00,2.02e+00,5.20e-01,
634,2.20e+00,2.04e+00,5.60e-01,
635,2.16e+00,1.96e+00,6.80e-01,
636,2.12e+00,2.04e+00,5.60e-01,
637,2.20e+00,1.96e+00,6.80e-01,
638,2.20e+00,1.96e+00,6.80e-01,
639,2.12e+00,2.04e+00,5.20e-01,
640,2.18e+00,1.96e+00,6.00e-01,
641,2.12e+00,2.04e+00,5.20e-01,
642,2.20e+00,2.04e+00,5.20e-01,
643,2.12e+00,1.96e+00,6.80e-01,
644,2.20e+00,2.02e+00,5.60e-01,
645,2.12e+00,1.96e+00,6.80e-01,
646,2.12e+00,2.04e+00,6.80e-01,
647,2.20e+00,1.96e+00,5.60e-01,
648,2.12e+00,1.96e+00,6.80e-01,
649,2.20e+00,2.04e+00,5.20e-01,
650,2.12e+00,1.96e+00,6.00e-01,
651,2.20e+00,2.04e+00,5.20e-01,
652,2.12e+00,2.04e+00,5.60e-01,
653,2.20e+00,1.96e+00,6.40e-01,
654,2.12e+00,2.04e+00,6.80e-01,
655,2.18e+00,1.96e+00,5.60e-01,
656,2.12e+00,1.96e+00,5.60e-01,
657,2.18e+00,2.04e+00,6.80e-01,
658,2.18e+00,1.94e+00,5.60e-01,
659,2.12e+00,2.04e+00,6.40e-01,
660,2.12e+00,1.96e+00,5.60e-01,
661,2.20e+00,2.04e+00,6.40e-01,
662,2.12e+00,2.04e+00,5.60e-01,
663,2.18e+00,1.96e+00,6.80e-01,
664,2.18e+00,1.96e+00,5.60e-01,
665,2.12e+00,2.04e+00,6.80e-01,
666,2.18e+00,2.04e+00,6.80e-01,
667,2.10e+00,1.96e+00,5.60e-01,
668,2.12e+00,1.96e+00,6.80e-01,
669,2.18e+00,2.02e+00,5.20e-01,
670,2.12e+00,2.02e+00,6.00e-01,
671,2.18e+00,1.96e+00,5.20e-01,
672,2.10e+00,1.96e+00,5.60e-01,
673,2.18e+00,2.04e+00,6.80e-01,
674,2.10e+00,1.96e+00,6.80e-01,
675,2.16e+00,2.04e+00,5.60e-01,
676,2.14e+00,1.96e+00,5.60e-01,
677,2.10e+00,2.04e+00,6.80e-01,
678,2.10e+00,2.04e+00,5.60e-01,
679,2.14e+00,1.96e+00,6.80e-01,
680,2.14e+00,1.96e+00,5.60e-01,
681,2.10e+00,2.04e+00,6.80e-01,
682,2.14e+00,2.02e+00,5.60e-01,
683,2.10e+00,1.96e+00,6.80e-01,
684,2.10e+00,1.96e+00,6.80e-01,
685,2.18e+00,2.04e+00,5.60e-01,
686,2.14e+00,2.04e+00,5.60e-01,
687,2.08e+00,1.96e+00,6.80e-01,
688,2.10e+00,2.02e+00,5.60e-01,
689,2.14e+00,1.96e+00,6.40e-01,
690,2.14e+00,1.94e+00,5.60e-01,
691,2.10e+00,2.04e+00,6.80e-01,
692,2.08e+00,1.96e+00,6.80e-01,
693,2.14e+00,2.04e+00,5.60e-01,
694,2.12e+00,2.04e+00,6.80e-01,
695,2.06e+00,1.96e+00,5.60e-01,
696,2.12e+00,1.96e+00,6.80e-01,
697,2.06e+00,2.04e+00,5.60e-01,
698,2.12e+00,1.96e+00,5.60e-01,
699,2.06e+00,2.04e+00,6.80e-01,
700,2.12e+00,2.04e+00,5.60e-01,
701,2.06e+00,1.96e+00,6.80e-01,
702,2.06e+00,2.04e+00,6.80e-01,
703,2.12e+00,1.96e+00,5.60e-01,
704,2.12e+00,2.04e+00,5.60e-01,
705,2.04e+00,1.96e+00,6.80e-01,
706,2.04e+00,1.96e+00,6.80e-01,
707,2.12e+00,2.04e+00,5.60e-01,
708,2.12e+00,1.96e+00,6.80e-01,
709,2.04e+00,2.04e+00,5.60e-01,
710,2.08e+00,2.02e+00,6.40e-01,
711,2.04e+00,1.96e+00,7.20e-01,
712,2.08e+00,1.96e+00,6.40e-01,
713,2.02e+00,2.02e+00,7.20e-01,
714,2.04e+00,1.96e+00,6.40e-01,
715,2.08e+00,2.04e+00,7.20e-01,
716,2.08e+00,2.04e+00,7.20e-01,
717,2.02e+00,1.96e+00,6.40e-01,
718,2.08e+00,1.96e+00,6.40e-01,
719,2.04e+00,2.04e+00,7.20e-01,
720,2.04e+00,1.96e+00,6.40e-01,
721,2.08e+00,2.04e+00,7.20e-01,
722,2.08e+00,1.96e+00,6.40e-01,
723,2.02e+00,2.04e+00,7.20e-01,
724,2.08e+00,1.96e+00,7.20e-01,
725,2.04e+00,2.04e+00,6.40e-01,
726,2.08e+00,2.02e+00,7.20e-01,
727,2.02e+00,1.96e+00,6.40e-01,
728,2.08e+00,2.02e+00,7.20e-01,
729,2.02e+00,1.96e+00,6.40e-01,
730,2.08e+00,1.96e+00,6.40e-01,
731,2.02e+00,2.04e+00,7.20e-01,
732,2.02e+00,2.04e+00,6.40e-01,
733,2.08e+00,1.96e+00,7.20e-01,
734,2.08e+00,1.96e+00,7.20e-01,
735,2.02e+00,2.02e+00,6.40e-01,
736,2.02e+00,2.04e+00,7.20e-01,
737,2.08e+00,1.96e+00,6.40e-01,
738,2.06e+00,2.04e+00,7.20e-01,
739,2.02e+00,1.96e+00,6.40e-01,
740,2.08e+00,1.96e+00,6.40e-01,
741,2.02e+00,2.04e+00,7.20e-01,
742,2.02e+00,1.94e+00,6.40e-01,
743,2.08e+00,2.02e+00,7.20e-01,
744,2.06e+00,2.02e+00,7.20e-01,
745,2.02e+00,1.94e+00,6.40e-01,
746,2.02e+00,2.04e+00,7.20e-01,
747,2.06e+00,1.94e+00,6.40e-01,
748,2.06e+00,1.96e+00,6.40e-01,
749,2.02e+00,2.04e+00,7.20e-01,
750,2.02e+00,1.96e+00,6.40e-01,
751,2.06e+00,2.04e+00,7.20e-01,
752,2.06e+00,2.04e+00,7.20e-01,
753,1.98e+00,1.94e+00,6.40e-01,
754,2.02e+00,1.96e+00,6.40e-01,
755,2.06e+00,2.04e+00,7.20e-01,
756,2.06e+00,2.04e+00,7.20e-01,
757,2.00e+00,1.96e+00,6.40e-01,
758,2.06e+00,2.04e+00,7.20e-01,
759,2.00e+00,1.96e+00,6.40e-01,
760,2.06e+00,2.04e+00,6.40e-01,
761,1.98e+00,1.96e+00,7.20e-01,
762,2.06e+00,2.02e+00,6.40e-01,
763,1.98e+00,1.96e+00,7.20e-01,
764,1.98e+00,1.96e+00,6.40e-01,
765,2.06e+00,2.04e+00,7.20e-01,
766,1.98e+00,1.96e+00,7.20e-01,
767,2.06e+00,2.04e+00,6.40e-01,
768,1.98e+00,2.02e+00,6.40e-01,
769,2.06e+00,1.94e+00,7.20e-01,
770,2.06e+00,2.04e+00,6.40e-01,
771,2.00e+00,1.96e+00,7.20e-01,
772,2.06e+00,1.96e+00,6.40e-01,
773,1.98e+00,2.04e+00,7.20e-01,
774,2.06e+00,1.96e+00,7.20e-01,
775,1.98e+00,2.04e+00,6.40e-01,
776,2.02e+00,2.02e+00,7.20e-01,
777,1.98e+00,1.94e+00,6.40e-01,
778,2.02e+00,1.96e+00,7.20e-01,
779,1.98e+00,2.02e+00,6.40e-01,
780,2.02e+00,1.96e+00,6.40e-01,
781,1.98e+00,2.04e+00,7.20e-01,
782,2.02e+00,1.98e+00,6.40e-01,
783,1.96e+00,2.04e+00,7.20e-01,
784,2.02e+00,1.96e+00,7.20e-01,
785,1.98e+00,2.04e+00,6.40e-01,
786,2.02e+00,2.02e+00,7.20e-01,
787,1.96e+00,1.96e+00,6.40e-01,
788,2.02e+00,2.02e+00,7.20e-01,
789,1.98e+00,1.96e+00,6.40e-01,
790,2.02e+00,2.02e+00,7.20e-01,
791,1.98e+00,1.96e+00,6.40e-01,
792,2.02e+00,1.96e+00,6.40e-01,
793,1.98e+00,2.04e+00,7.20e-01,
794,2.02e+00,2.02e+00,7.20e-01,
795,1.98e+00,1.96e+00,6.40e-01,
796,2.02e+00,1.96e+00,7.20e-01,
797,1.98e+00,2.04e+00,6.40e-01,
798,2.02e+00,2.02e+00,6.40e-01,
799,1.98e+00,1.96e+00,7.20e-01,
800,2.02e+00,2.04e+00,6.40e-01,
801,1.96e+00,1.96e+00,7.20e-01,
802,2.02e+00,1.94e+00,7.20e-01,
803,1.96e+00,2.04e+00,6.40e-01,
804,2.02e+00,2.04e+00,7.20e-01,
805,1.96e+00,1.96e+00,6.40e-01,
806,1.96e+00,1.96e+00,7.20e-01,
807,2.02e+00,2.02e+00,6.40e-01,
808,1.96e+00,2.02e+00,7.20e-01,
809,2.02e+00,1.94e+00,6.40e-01,
810,2.00e+00,1.96e+00,7.20e-01,
811,1.96e+00,2.04e+00,6.40e-01,
812,2.00e+00,2.04e+00,6.40e-01,
813,1.94e+00,1.96e+00,7.20e-01,
814,1.96e+00,2.04e+00,6.80e-01,
815,2.02e+00,1.96e+00,8.00e-01,
816,1.96e+00,1.96e+00,6.80e-01,
817,2.02e+00,2.04e+00,8.00e-01,
818,1.96e+00,1.96e+00,7.20e-01,
819,2.02e+00,2.02e+00,6.40e-01,
820,2.00e+00,2.04e+00,7.20e-01,
821,1.96e+00,1.98e+00,6.40e-01,
822,1.96e+00,2.02e+00,7.20e-01,
823,2.02e+00,1.96e+00,6.80e-01,
824,1.96e+00,1.96e+00,6.80e-01,
825,2.02e+00,2.02e+00,8.00e-01,
826,1.96e+00,2.02e+00,7.60e-01,
827,2.02e+00,1.96e+00,6.40e-01,
828,2.00e+00,2.02e+00,7.20e-01,
829,1.96e+00,1.96e+00,6.40e-01,
830,2.00e+00,2.02e+00,6.40e-01,
831,1.96e+00,1.96e+00,7.20e-01,
832,1.94e+00,1.96e+00,7.20e-01,
833,2.00e+00,2.04e+00,6.40e-01,
834,2.00e+00,1.96e+00,6.80e-01,
835,1.96e+00,2.04e+00,8.00e-01,
836,2.00e+00,1.96e+00,7.20e-01,
837,1.94e+00,2.04e+00,6.80e-01,
838,1.96e+00,2.02e+00,7.20e-01,
839,2.00e+00,1.94e+00,6.40e-01,
840,2.00e+00,1.96e+00,7.20e-01,
841,1.96e+00,2.04e+00,6.40e-01,
842,2.00e+00,2.04e+00,7.20e-01,
843,1.92e+00,1.96e+00,6.40e-01,
844,1.96e+00,2.04e+00,6.80e-01,
845,2.00e+00,1.96e+00,8.00e-01,
846,2.00e+00,1.96e+00,6.80e-01,
847,1.92e+00,2.02e+00,8.00e-01,
848,2.00e+00,2.04e+00,7.20e-01,
849,1.94e+00,1.96e+00,6.40e-01,
850,2.00e+00,2.02e+00,7.20e-01,
851,1.92e+00,1.96e+00,6.40e-01,
852,1.94e+00,1.96e+00,7.20e-01,
853,2.00e+00,2.04e+00,6.80e-01,
854,2.00e+00,2.02e+00,8.00e-01,
855,1.92e+00,1.96e+00,6.80e-01,
856,2.00e+00,2.04e+00,8.00e-01,
857,1.92e+00,1.94e+00,6.80e-01,
858,2.00e+00,1.96e+00,6.80e-01,
859,1.94e+00,2.04e+00,8.00e-01,
860,2.00e+00,1.96e+00,6.80e-01,
861,1.92e+00,2.04e+00,8.00e-01,
862,1.92e+00,2.02e+00,8.00e-01,
863,2.00e+00,1.96e+00,6.80e-01,
864,2.00e+00,2.02e+00,8.00e-01,
865,1.94e+00,1.94e+00,6.80e-01,
866,2.00e+00,2.02e+00,8.00e-01,
867,1.92e+00,1.96e+00,6.80e-01,
868,1.92e+00,2.02e+00,8.00e-01,
869,2.00e+00,1.96e+00,6.80e-01,
870,1.98e+00,2.04e+00,6.80e-01,
871,1.92e+00,1.96e+00,8.00e-01,
872,1.92e+00,2.04e+00,8.00e-01,
873,2.00e+00,1.96e+00,6.80e-01,
874,1.92e+00,2.04e+00,8.00e-01,
875,2.00e+00,1.96e+00,6.80e-01,
876,1.92e+00,1.94e+00,8.00e-01,
877,2.00e+00,2.04e+00,6.80e-01,
878,1.92e+00,2.04e+00,8.00e-01,
879,2.00e+00,1.96e+00,6.80e-01,
880,1.92e+00,1.96e+00,6.80e-01,
881,1.98e+00,2.02e+00,8.00e-01,
882,1.98e+00,1.96e+00,8.00e-01,
883,1.90e+00,2.04e+00,6.80e-01,
884,1.98e+00,2.04e+00,8.00e-01,
885,1.92e+00,1.96e+00,6.80e-01,
886,1.92e+00,1.96e+00,8.00e-01,
887,1.98e+00,2.04e+00,6.80e-01,
888,1.98e+00,1.96e+00,6.80e-01,
889,1.90e+00,2.04e+00,8.00e-01,
890,1.98e+00,2.02e+00,6.80e-01,
891,1.92e+00,1.96e+00,8.00e-01,
892,1.92e+00,1.96e+00,6.80e-01,
893,1.98e+00,2.02e+00,8.00e-01,
894,1.92e+00,1.96e+00,8.00e-01,
895,1.98e+00,2.04e+00,6.80e-01,
896,1.98e+00,2.04e+00,8.00e-01,
897,1.92e+00,1.96e+00,6.80e-01,
898,1.92e+00,2.04e+00,6.80e-01,
899,1.98e+00,1.96e+00,8.00e-01,
900,1.96e+00,2.02e+00,8.00e-01,
901,1.90e+00,1.94e+00,6.80e-01,
902,1.90e+00,1.96e+00,6.80e-01,
903,1.98e+00,2.02e+00,8.00e-01,
904,1.98e+00,1.96e+00,8.00e-01,
905,1.90e+00,2.04e+00,6.80e-01,
906,1.96e+00,1.96e+00,8.00e-01,
907,1.90e+00,2.04e+00,7.20e-01,
908,1.92e+00,2.04e+00,8.00e-01,
909,1.98e+00,1.96e+00,6.80e-01,
910,1.92e+00,2.02e+00,8.00e-01,
911,1.98e+00,1.96e+00,6.80e-01,
912,1.90e+00,2.02e+00,7.20e-01,
913,1.98e+00,1.96e+00,8.00e-01,
914,1.90e+00,2.04e+00,7.60e-01,
915,1.98e+00,1.96e+00,8.40e-01,
916,1.96e+00,2.04e+00,8.00e-01,
917,1.90e+00,1.96e+00,7.20e-01,
918,1.90e+00,1.96e+00,8.00e-01,
919,1.96e+00,2.04e+00,7.20e-01,
920,1.92e+00,1.96e+00,8.00e-01,
921,1.98e+00,2.04e+00,6.80e-01,
922,1.90e+00,1.96e+00,6.80e-01,
923,1.98e+00,2.04e+00,8.00e-01,
924,1.90e+00,2.02e+00,8.00e-01,
925,1.98e+00,1.96e+00,7.60e-01,
926,1.98e+00,2.04e+00,8.40e-01,
927,1.90e+00,1.94e+00,7.20e-01,
928,1.96e+00,1.96e+00,8.00e-01,
929,1.90e+00,2.04e+00,6.80e-01,
930,1.98e+00,1.96e+00,8.00e-01,
931,1.90e+00,2.04e+00,6.80e-01,
932,1.90e+00,2.04e+00,8.00e-01,
933,1.98e+00,1.96e+00,6.80e-01,
934,1.96e+00,1.94e+00,7.60e-01,
935,1.90e+00,2.04e+00,8.40e-01,
936,1.90e+00,2.04e+00,8.40e-01,
937,1.94e+00,1.94e+00,7.20e-01,
938,1.94e+00,1.96e+00,8.00e-01,
939,1.90e+00,2.04e+00,6.80e-01,
940,1.96e+00,1.96e+00,6.80e-01,
941,1.90e+00,2.04e+00,8.00e-01,
942,1.94e+00,1.96e+00,8.00e-01,
943,1.90e+00,2.04e+00,6.80e-01,
944,1.96e+00,1.96e+00,8.00e-01,
945,1.90e+00,2.04e+00,7.60e-01,
946,1.94e+00,1.96e+00,8.40e-01,
947,1.88e+00,2.04e+00,6.80e-01,
948,1.90e+00,2.02e+00,8.00e-01,
949,1.96e+00,1.96e+00,6.80e-01,
950,1.90e+00,2.04e+00,8.00e-01,
951,1.94e+00,1.96e+00,6.80e-01,
952,1.90e+00,1.94e+00,8.00e-01,
953,1.94e+00,2.04e+00,6.80e-01,
954,1.94e+00,1.96e+00,7.60e-01,
955,1.90e+00,2.04e+00,8.40e-01,
956,1.94e+00,2.02e+00,8.40e-01,
957,1.90e+00,1.94e+00,7.60e-01,
958,1.94e+00,2.02e+00,8.40e-01,
959,1.90e+00,1.96e+00,7.20e-01,
960,1.94e+00,1.96e+00,7.20e-01,
961,1.90e+00,2.04e+00,8.00e-01,
962,1.94e+00,1.96e+00,8.00e-01,
963,1.90e+00,2.02e+00,7.20e-01,
964,1.94e+00,2.04e+00,7.60e-01,
965,1.90e+00,1.96e+00,8.40e-01,
966,1.90e+00,1.96e+00,7.60e-01,
967,1.94e+00,2.04e+00,8.40e-01,
968,1.94e+00,2.04e+00,8.00e-01,
969,1.90e+00,1.96e+00,6.80e-01,
970,1.90e+00,1.96e+00,8.00e-01,
971,1.94e+00,2.04e+00,7.20e-01,
972,1.94e+00,1.96e+00,7.60e-01,
973,1.88e+00,2.04e+00,8.40e-01,
974,1.90e+00,2.04e+00,7.60e-01,
975,1.94e+00,1.94e+00,8.40e-01,
976,1.94e+00,1.96e+00,8.40e-01,
977,1.88e+00,2.04e+00,7.60e-01,
978,1.90e+00,2.02e+00,7.60e-01,
979,1.94e+00,1.96e+00,8.40e-01,
980,1.94e+00,1.96e+00,7.60e-01,
981,1.90e+00,2.04e+00,8.40e-01,
982,1.94e+00,1.96e+00,7.60e-01,
983,1.90e+00,2.04e+00,8.40e-01,
984,1.90e+00,2.04e+00,8.40e-01,
985,1.94e+00,1.94e+00,7.60e-01,
986,1.94e+00,1.96e+00,8.40e-01,
987,1.90e+00,2.04e+00,7.60e-01,
988,1.90e+00,1.96e+00,7.60e-01,
989,1.94e+00,2.04e+00,8.40e-01,
990,1.94e+00,1.96e+00,7.60e-01,
991,1.90e+00,2.04e+00,8.40e-01,
992,1.94e+00,1.96e+00,7.60e-01,
993,1.88e+00,2.04e+00,8.40e-01,
994,1.90e+00,1.96e+00,7.60e-01,
995,1.94e+00,2.04e+00,8.40e-01,
996,1.94e+00,1.96e+00,8.40e-01,
997,1.86e+00,2.02e+00,7.60e-01,
998,1.90e+00,2.02e+00,8.40e-01,
999,1.94e+00,1.96e+00,7.60e-01,
1000,1.94e+00,2.04e+00,8.00e-01,
1001,1.90e+00,1.96e+00,7.60e-01,
1002,1.90e+00,2.04e+00,7.60e-01,
1003,1.94e+00,1.96e+00,8.40e-01,
1004,1.90e+00,2.02e+00,7.60e-01,
1005,1.94e+00,1.96e+00,8.40e-01,
1006,1.94e+00,2.02e+00,7.60e-01,
1007,1.88e+00,1.96e+00,8.40e-01,
1008,1.90e+00,2.02e+00,7.60e-01,
1009,1.94e+00,1.94e+00,8.40e-01,
1010,1.94e+00,1.96e+00,8.00e-01,
1011,1.90e+00,2.02e+00,6.80e-01,
1012,1.94e+00,1.96e+00,7.60e-01,
1013,1.88e+00,2.04e+00,8.40e-01,
1014,1.90e+00,2.02e+00,7.60e-01,
1015,1.94e+00,1.96e+00,8.40e-01,
1016,1.94e+00,1.96e+00,7.60e-01,
1017,1.86e+00,2.04e+00,8.40e-01,
1018,1.94e+00,2.02e+00,7.60e-01,
1019,1.88e+00,1.96e+00,8.40e-01,
1020,1.94e+00,1.96e+00,8.00e-01,
1021,1.86e+00,2.04e+00,7.20e-01,
1022,1.94e+00,1.96e+00,7.60e-01,
1023,1.86e+00,2.04e+00,8.40e-01,
1024,1.88e+00,2.02e+00,7.60e-01,
1025,1.94e+00,1.96e+00,8.40e-01,
1026,1.92e+00,2.04e+00,8.40e-01,
1027,1.84e+00,1.96e+00,7.60e-01,
1028,1.94e+00,1.96e+00,7.60e-01,
1029,1.86e+00,2.04e+00,8.40e-01,
1030,1.86e+00,1.96e+00,7.60e-01,
1031,1.94e+00,2.04e+00,8.40e-01,
1032,1.88e+00,2.04e+00,7.60e-01,
1033,1.94e+00,1.96e+00,8.40e-01,
1034,1.94e+00,1.96e+00,8.40e-01,
1035,1.90e+00,2.02e+00,7.60e-01,
1036,1.94e+00,1.96e+00,8.40e-01,
1037,1.88e+00,2.04e+00,7.60e-01,
1038,1.94e+00,1.96e+00,8.40e-01,
1039,1.88e+00,2.02e+00,7.60e-01,
1040,1.94e+00,1.96e+00,7.60e-01,
1041,1.86e+00,2.04e+00,8.40e-01,
1042,1.94e+00,2.04e+00,8.40e-01,
1043,1.88e+00,1.96e+00,7.60e-01,
1044,1.94e+00,1.96e+00,8.40e-01,
1045,1.88e+00,2.04e+00,8.00e-01,
1046,1.94e+00,2.02e+00,8.40e-01,
1047,1.90e+00,1.94e+00,7.60e-01,
1048,1.90e+00,1.96e+00,8.40e-01,
1049,1.94e+00,2.04e+00,7.60e-01,
1050,1.90e+00,2.04e+00,8.40e-01,
1051,1.94e+00,1.96e+00,7.60e-01,
1052,1.90e+00,1.96e+00,7.60e-01,
1053,1.94e+00,2.04e+00,8.40e-01,
1054,1.90e+00,2.04e+00,8.40e-01,
1055,1.94e+00,1.96e+00,7.60e-01,
1056,1.94e+00,2.02e+00,7.60e-01,
1057,1.88e+00,1.96e+00,8.40e-01,
1058,1.94e+00,1.96e+00,7.60e-01,
1059,1.90e+00,2.04e+00,8.40e-01,
1060,1.94e+00,2.02e+00,7.60e-01,
1061,1.90e+00,1.94e+00,8.40e-01,
1062,1.90e+00,1.96e+00,7.60e-01,
1063,1.94e+00,2.02e+00,8.40e-01,
1064,1.94e+00,1.96e+00,7.60e-01,
1065,1.90e+00,2.04e+00,8.40e-01,
1066,1.90e+00,1.96e+00,7.60e-01,
1067,1.94e+00,2.04e+00,8.40e-01,
1068,1.94e+00,2.04e+00,8.00e-01,
1069,1.90e+00,1.96e+00,7.60e-01,
1070,1.94e+00,1.96e+00,8.00e-01,
1071,1.90e+00,2.04e+00,7.20e-01,
1072,1.94e+00,1.96e+00,7.60e-01,
1073,1.90e+00,2.02e+00,8.40e-01,
1074,1.94e+00,2.04e+00,8.40e-01,
1075,1.90e+00,1.96e+00,7.60e-01,
1076,1.94e+00,2.04e+00,7.60e-01,
1077,1.90e+00,1.96e+00,8.40e-01,
1078,1.94e+00,1.96e+00,8.00e-01,
1079,1.90e+00,2.04e+00,7.20e-01,
1080,1.90e+00,2.04e+00,8.00e-01,
1081,1.94e+00,1.96e+00,7.20e-01,
1082,1.94e+00,2.04e+00,7.60e-01,
1083,1.88e+00,1.96e+00,8.40e-01,
1084,1.94e+00,1.94e+00,7.60e-01,
1085,1.90e+00,2.04e+00,8.40e-01,
1086,1.90e+00,2.04e+00,8.40e-01,
1087,1.94e+00,1.96e+00,7.60e-01,
1088,1.90e+00,2.02e+00,7.60e-01,
1089,1.94e+00,1.96e+00,8.40e-01,
1090,1.90e+00,1.96e+00,8.00e-01,
1091,1.94e+00,2.02e+00,7.20e-01,
1092,1.94e+00,2.02e+00,7.60e-01,
1093,1.90e+00,1.94e+00,8.40e-01,
1094,1.90e+00,1.96e+00,7.60e-01,
1095,1.94e+00,2.04e+00,8.40e-01,
1096,1.94e+00,2.04e+00,7.60e-01,
1097,1.90e+00,1.96e+00,8.40e-01,
1098,1.94e+00,1.96e+00,7.60e-01,
1099,1.90e+00,2.04e+00,8.40e-01,
1100,1.94e+00,1.96e+00,7.60e-01,
1101,1.90e+00,2.02e+00,8.40e-01,
1102,1.94e+00,1.96e+00,7.60e-01,
1103,1.90e+00,2.04e+00,8.40e-01,
1104,1.94e+00,2.04e+00,8.40e-01,
1105,1.90e+00,1.96e+00,7.60e-01,
1106,1.94e+00,1.96e+00,8.40e-01,
1107,1.90e+00,2.04e+00,7.60e-01,
1108,1.90e+00,1.96e+00,7.60e-01,
1109,1.94e+00,2.04e+00,8.40e-01,
1110,1.94e+00,2.04e+00,8.00e-01,
1111,1.90e+00,1.96e+00,7.60e-01,
1112,1.90e+00,2.04e+00,7.60e-01,
1113,1.94e+00,1.96e+00,8.40e-01,
1114,1.90e+00,1.96e+00,8.40e-01,
1115,1.94e+00,2.04e+00,7.60e-01,
1116,1.94e+00,2.04e+00,8.40e-01,
1117,1.90e+00,1.96e+00,7.60e-01,
1118,1.94e+00,2.02e+00,7.60e-01,
1119,1.90e+00,1.96e+00,8.40e-01,
1120,1.94e+00,2.02e+00,7.60e-01,
1121,1.90e+00,1.94e+00,8.40e-01,
1122,1.94e+00,1.96e+00,7.60e-01,
1123,1.90e+00,2.04e+00,8.40e-01,
1124,1.90e+00,1.96e+00,7.60e-01,
1125,1.98e+00,2.04e+00,8.40e-01,
1126,1.90e+00,2.04e+00,7.60e-01,
1127,1.96e+00,1.96e+00,8.40e-01,
1128,1.90e+00,1.96e+00,8.40e-01,
1129,1.96e+00,2.04e+00,7.20e-01,
1130,1.90e+00,2.02e+00,8.00e-01,
1131,1.96e+00,1.96e+00,7.20e-01,
1132,1.96e+00,2.02e+00,7.20e-01,
1133,1.90e+00,1.94e+00,8.40e-01,
1134,1.90e+00,1.96e+00,8.40e-01,
1135,1.96e+00,2.04e+00,7.60e-01,
1136,1.90e+00,2.04e+00,7.60e-01,
1137,1.96e+00,1.96e+00,8.40e-01,
1138,1.90e+00,1.96e+00,7.60e-01,
1139,1.96e+00,2.04e+00,8.00e-01,
1140,1.96e+00,1.96e+00,8.00e-01,
1141,1.90e+00,2.02e+00,6.80e-01,
1142,1.90e+00,2.04e+00,7.60e-01,
1143,1.98e+00,1.96e+00,8.40e-01,
1144,1.90e+00,2.02e+00,7.60e-01,
1145,1.96e+00,1.96e+00,8.40e-01,
1146,1.90e+00,2.02e+00,7.60e-01,
1147,1.96e+00,1.96e+00,8.40e-01,
1148,1.90e+00,2.04e+00,7.60e-01,
1149,1.98e+00,1.96e+00,8.40e-01,
1150,1.96e+00,2.04e+00,8.00e-01,
1151,1.90e+00,1.94e+00,7.20e-01,
1152,1.90e+00,2.04e+00,7.60e-01,
1153,1.96e+00,1.96e+00,8.40e-01,
1154,1.90e+00,2.04e+00,7.60e-01,
1155,1.98e+00,1.96e+00,8.40e-01,
1156,1.96e+00,2.02e+00,7.60e-01,
1157,1.90e+00,1.96e+00,8.40e-01,
1158,1.92e+00,2.02e+00,8.00e-01,
1159,1.98e+00,1.94e+00,6.80e-01,
1160,1.96e+00,2.04e+00,7.20e-01,
1161,1.92e+00,1.96e+00,8.00e-01,
1162,1.98e+00,2.02e+00,7.60e-01,
1163,1.90e+00,1.96e+00,8.40e-01,
1164,1.98e+00,1.96e+00,7.60e-01,
1165,1.90e+00,2.04e+00,8.40e-01,
1166,1.96e+00,1.96e+00,7.60e-01,
1167,1.90e+00,2.04e+00,8.40e-01,
1168,1.90e+00,1.96e+00,8.00e-01,
1169,1.98e+00,2.04e+00,6.80e-01,
1170,1.90e+00,2.02e+00,8.00e-01,
1171,1.98e+00,1.94e+00,6.80e-01,
1172,1.96e+00,1.96e+00,7.60e-01,
1173,1.90e+00,2.04e+00,8.40e-01,
1174,1.92e+00,1.96e+00,8.40e-01,
1175,1.96e+00,2.04e+00,7.60e-01,
1176,1.90e+00,2.02e+00,7.60e-01,
1177,1.98e+00,1.96e+00,8.40e-01,
1178,1.90e+00,2.04e+00,8.00e-01,
1179,1.98e+00,1.96e+00,7.60e-01,
1180,1.90e+00,2.04e+00,8.00e-01,
1181,1.98e+00,1.96e+00,6.80e-01,
1182,1.96e+00,2.02e+00,7.60e-01,
1183,1.90e+00,1.96e+00,8.40e-01,
1184,1.90e+00,2.02e+00,7.60e-01,
1185,1.96e+00,1.96e+00,8.40e-01,
1186,1.90e+00,2.04e+00,8.40e-01,
1187,1.98e+00,1.94e+00,7.60e-01,
1188,1.98e+00,1.96e+00,7.60e-01,
1189,1.90e+00,2.04e+00,8.40e-01,
1190,1.92e+00,1.96e+00,8.00e-01,
1191,1.98e+00,2.04e+00,7.20e-01,
1192,1.90e+00,2.04e+00,7.60e-01,
1193,1.98e+00,1.96e+00,8.40e-01,
1194,1.92e+00,1.96e+00,7.60e-01,
1195,1.98e+00,2.04e+00,8.40e-01,
1196,1.98e+00,1.96e+00,8.40e-01,
1197,1.90e+00,2.04e+00,7.60e-01,
1198,1.90e+00,2.04e+00,7.60e-01,
1199,1.98e+00,1.96e+00,8.40e-01,
